,ParentProductNumber,ParentProductNumberSubs,prdictProbaMean,prdictProbaStd,countRows,rankMeanAndStd
0,161631,7290112497918,0.914340365416359,0.12425938558497,24,1
1,161631,161648,0.893615267636535,0.166344315509273,45,2
2,161631,72909799,0.884639300494691,0.178467866838948,86,3
3,161648,7290112497918,0.912253592516062,0.120611899488644,31,1
4,161648,72909799,0.900322932622404,0.154266657420146,68,2
5,161648,161631,0.882773294064154,0.175401966856885,71,3
6,170053,7290104720536,0.783292542990841,0.0778440284059913,11,1
7,170053,5197628,0.7839971387832,0.0896959583791067,15,2
8,170053,1814222,0.758579494371064,0.303384385143182,15,3
9,170077,5197635,0.858514629524099,0.0148682639944966,4,1
10,170077,178134,0.848809993788791,0.0340680954984188,12,2
11,170077,7290100852576,0.833585772960166,0.0589507160727825,21,3
12,170275,8753982,0.955188632334544,0.0043410984854702,6,1
13,170275,8750400,0.936775175760643,0.0229891821579658,4,2
14,170275,7290112351197,0.929557628861777,0.0172899770368071,4,3
15,171470,72917589,0.911313499480406,0.101409796243182,9,1
16,171470,72918388,0.854299295270179,0.126574513918162,7,2
17,171470,8747431,0.797523154349857,0.104124359091983,3,3
18,178134,5197635,0.940750039226414,0.00664056284711151,156,1
19,178134,7290100852576,0.938019607317197,0.0112313298857537,137,2
20,178134,170077,0.847195655248233,0.0131190986260364,55,3
21,179445,7290112335043,0.533398502318984,0.0579217823913713,3,1
22,179445,7290112335111,0.46225593949582,0.00873154120153504,6,2
23,179445,7290102035007,0.4281573327059,0.0239673901322859,7,3
24,180212,7290112351098,0.792480087326482,0.259183054391109,19,1
25,180212,7296073156628,0.499875534607349,0.118166832535447,30,2
26,180212,170077,0.570512863944957,0.330623489083753,139,3
27,490311,6681553,0.761271523989991,0.0107496799087908,11,1
28,490311,490779,0.626735090131548,0.0142885162979518,5,2
29,490779,6681553,0.750691988849084,0.00693010975550441,4,1
30,490779,6681560,0.70932107789766,0.00750016511667731,5,2
31,490779,490311,0.594121750128815,0.014463567628224,28,3
32,1814222,7290112349651,0.95715193056989,0.00291574572011702,3,1
33,1814222,7290112351197,0.952924448408648,0.00417076002695264,3,2
34,1814222,8750400,0.945226206270421,0.0238951306186175,5,3
35,1817063,7290111352935,0.517782684141264,0.0183902438426442,30,1
36,1817063,8001003100164,0.488357286868707,0.0221110303314367,13,2
37,2752332,87108538,0.86678982151897,0.109574637980455,7,1
38,2752332,87311396,0.818027756224679,0.0894245811651049,24,2
39,2752332,87108712,0.708853061987193,0.0472776451319646,5,3
40,2752349,87108019,0.833851245090263,0.116374708707191,9,1
41,2752493,80050124,0.683985763363206,0.00797438503786473,7,1
42,2752493,2753223,0.483095278476899,0.0201766969802125,13,2
43,2753223,80050025,0.678053484128577,0.00373539387571518,4,1
44,3143276,7290016408294,0.859458732851077,0.0836470051698359,14,1
45,3143276,7290112335043,0.707707904090243,0.0521208909818232,5,2
46,3143276,7296073220480,0.638928339034297,0.0188924149237662,4,3
47,3144068,3145539,0.821233298174645,0.0102489535013735,35,1
48,3144068,3144600,0.655944421690501,0.0167340701795731,39,2
49,3144068,7290100859162,0.674420863284225,0.0495408812493581,8,3
50,3144600,3145539,0.763033653477041,0.0114518413652064,11,1
51,3144600,5197635,0.721889171967488,0.00816444890659036,5,2
52,3144600,7296073202479,0.659198079004493,0.0132612772438967,10,3
53,3145539,3144068,0.863525505669667,0.00871371250672394,44,1
54,3145539,5197635,0.765817217321583,0.0115505362874435,3,2
55,3145539,7296073202479,0.67875405918355,0.0185469367191165,3,3
56,3423909,3444009,0.666977524640837,0.178887866265167,17,1
57,3423909,5000159020312,0.389438478329135,0.13843601440235,3,2
58,3423909,7622300617820,0.340326062466919,0.145791619436672,5,3
59,3444009,5000159020312,0.468753434294402,0.251370410395092,3,1
60,3444009,3423909,0.473067301706902,0.353649650144126,66,2
61,3444009,80052760,0.429268888585079,0.316632049676475,4,3
62,3903955,8750400,0.945138207323911,0.0112396695204187,3,1
63,3903955,7290104724718,0.936448839227664,0.0233463525835882,7,2
64,3903955,8753982,0.888567696771042,0.0737588715154285,4,3
65,4014407,40000514480,0.776232840261876,0.288245615908523,144,1
66,4014407,40000494805,0.762814616145856,0.335791043849158,67,2
67,4014407,4043108,0.639975364461096,0.293565350473828,15,3
68,4022309,4014407,0.634282347294473,0.218366991987409,21,1
69,4022309,4043205,0.598960835553171,0.217472787694778,29,2
70,4022309,4043108,0.561737596773278,0.170079219244539,11,3
71,4043108,40000514480,0.793216949614076,0.145223228186241,86,1
72,4043108,40000512943,0.628156364770467,0.0252177479682521,7,2
73,4043108,40000494805,0.403991121790295,0.0840287117220091,5,3
74,4043205,40000514510,0.714068602069036,0.162079621615343,38,1
75,4043205,40000513056,0.637371206422764,0.0419676791345749,4,2
76,4043205,4043108,0.56478914096339,0.13009758752313,25,3
77,5197628,7290104720536,0.901101739419747,0.0687514929108595,31,1
78,5197628,170053,0.803686180633287,0.0294591721544796,38,2
79,5197628,7296073197461,0.530956793816416,0.00497083519191067,11,3
80,5197635,178134,0.907379056051935,0.00566282096708383,51,1
81,5197635,7290100852576,0.949164383001608,0.0465480909194674,84,2
82,5197635,7296073197478,0.69435102170519,0.00776083510220577,18,3
83,5199288,7290104060403,0.918856875189417,0.0437337426818582,4,1
84,5199288,8754415,0.862624062278582,0.0129985101823659,3,2
85,5199288,7290104068539,0.856588518854427,0.144215959354412,20,3
86,5199738,8754422,0.78486392975608,0.183551548845002,12,1
87,5199738,8754415,0.735955708361136,0.226565541768239,8,2
88,5200908,7290112351623,0.660545080031562,0.281668672534064,37,1
89,5200908,4000417222008,0.380044404566435,0.019083967367132,3,2
90,5200908,7290112358028,0.371936398887759,0.0282042903887236,6,3
91,6681553,6681560,0.542892820868042,0.0143917000862256,65,1
92,6681553,490311,0.466119998699273,0.00758371638350792,467,2
93,6681553,490779,0.451141276329279,0.00716830568857551,5,3
94,6681560,6681553,0.574498376308867,0.014870199801624,253,1
95,6681560,490311,0.454867462268092,0.00748215929701543,30,2
96,6681560,490779,0.456557751364006,0.00884998295812559,93,3
97,8470759,4009900013581,0.688428238778438,0.055848567027626,14,1
98,8470759,8470766,0.553494667455533,0.0201976414397266,12,2
99,8470766,4009900385824,0.638810915208773,0.130071404251733,6,1
100,8470766,8470759,0.564918687062739,0.00533991589372071,10,2
101,8747424,8750677,0.896256153002191,0.0222844458451638,3,1
102,8747424,7290112351210,0.827488700629134,0.216062244329629,10,2
103,8747424,7290112351197,0.797444569205721,0.251921946584199,13,3
104,8747431,8747424,0.697520981760708,0.159162497589956,18,1
105,8747431,72917367,0.695741683050607,0.179629202193241,6,2
106,8747431,72917893,0.65294063575451,0.129733095490042,5,3
107,8748384,7290104067198,0.689069049410309,0.0870241984792351,4,1
108,8748384,7290100857045,0.682358648274672,0.158007735999437,21,2
109,8748384,7290105961525,0.616415059778518,0.170635668160698,78,3
110,8750264,7290104060403,0.946757606554456,0.0171041521952403,4,1
111,8750264,7290104068539,0.803517101332928,0.185507793425684,38,2
112,8750264,5199738,0.77621076438875,0.242098608639023,7,3
113,8750400,7290112351104,0.957838330404611,0.0067585179516034,6,1
114,8750400,7290112348548,0.873218445413086,0.167324744800127,26,2
115,8750400,7290112351128,0.851056495021933,0.199023996875114,16,3
116,8753982,7290112348548,0.938252941604806,0.0149623988697818,4,1
117,8753982,7290104724718,0.930874703677522,0.0230030337290249,4,2
118,8753982,8747424,0.860742515220037,0.114729298233842,22,3
119,8754415,5199288,0.902776298590157,0.0905831334675985,3,1
120,8754415,5199738,0.84846159049953,0.151334494817277,11,2
121,8754415,7290106721920,0.735722644439357,0.121014911762128,7,3
122,8754422,8754415,0.846126114930564,0.192979495781284,10,1
123,8754422,5199738,0.821914052272168,0.119469172470715,19,2
124,8754422,8750264,0.796052715289509,0.288670629131108,3,3
125,40052403,3800020423578,0.816642465051095,0.300298501402752,30,1
126,40052403,5000189974579,0.703872345620325,0.244916097614766,16,2
127,40052403,3800020491393,0.675104784850737,0.397176773932524,6,3
128,40084107,8000500026731,0.791405079206153,0.029136191853102,9,1
129,40084107,80974482,0.749908898036082,0.13079267906089,24,2
130,40084107,80768258,0.668637329728896,0.219672736093801,13,3
131,40111216,5000159486972,0.927161018566553,0.0243363920543146,3,1
132,40111216,5000159459228,0.743622894130834,0.397998540531723,4,2
133,40111216,5000159461122,0.729635535265697,0.36028353084237,8,3
134,40345123,40000514480,0.613841207777879,0.266528146983707,18,1
135,40345123,7613035500877,0.577109952755606,0.245011371581315,15,2
136,40345123,40000514510,0.616563790744816,0.33060474272193,5,3
137,42101666,42306788,0.559568508744418,0.0150245822534739,3,1
138,42182108,42182115,0.661479812803661,0.171328618780189,8,1
139,42182108,42188889,0.539356711573052,0.164704859839026,6,2
140,42182108,4009900385824,0.498227235784872,0.0185663841529422,4,3
141,42182115,42182108,0.644667467656004,0.161320584223324,4,1
142,42182115,42188889,0.523518475100511,0.226835656695227,4,2
143,42188889,42182115,0.634749974017035,0.162201651843263,8,1
144,42188889,4009900512350,0.511894216230668,0.0170209574797485,7,2
145,42212119,4009900385824,0.521256822321454,0.0362118413861348,6,1
146,50312351,72909799,0.875228386463294,0.00189345866331038,3,1
147,50312351,161648,0.87367039606506,0.0123575107216373,3,2
148,50312351,72917589,0.347810346776984,0.0397792085981632,4,3
149,72909799,7290100249086,0.737011488314351,0.0138906103690752,4,1
150,72909799,7290112497918,0.782552513370657,0.254444617013813,7,2
151,72909799,161631,0.771509999850806,0.247104227238324,88,3
152,72917367,72917589,0.806731161037992,0.236520418328807,4,1
153,72917367,72918388,0.751760263668822,0.294398773988436,6,2
154,72917367,7290106521650,0.70326172584484,0.145037707984232,6,3
155,72917589,7290106658479,0.936160197629979,0.0201125845694343,7,1
156,72917589,72917893,0.744827029792511,0.125567661398452,4,2
157,72917589,7290112350350,0.724684536092142,0.101213169803911,6,3
158,72917893,7290106665491,0.69009584306922,0.0177806624024652,11,1
159,72917893,7290112348241,0.649007459289317,0.0660982641287746,5,2
160,72917893,7290112350350,0.611738861168088,0.0717664880875853,6,3
161,72918388,72917589,0.748975812495698,0.302900886960497,14,1
162,72918388,72917367,0.726445163010362,0.291460648051052,38,2
163,72918388,7290106658479,0.681335518969261,0.265422357857482,18,3
164,72991008,72917893,0.73299933111775,0.103629388133172,19,1
165,72993767,7290110567309,0.491054430996948,0.026696904584736,3,1
166,80001027,8000380106028,0.771087354983288,0.12457489642982,5,1
167,80001287,80001027,0.902351830635851,0.0346718950023561,5,1
168,80001287,5000159461122,0.835038324930189,0.0617547086152529,3,2
169,80001287,80001461,0.812514903881427,0.220207204987751,14,3
170,80001461,80001287,0.924064241568412,0.0251272888944056,7,1
171,80001461,80001027,0.715709952717957,0.303128046272141,4,2
172,80001461,8000380144044,0.691288243758318,0.221999322182226,4,3
173,80050025,80936848,0.721536835489473,0.155070060315995,4,1
174,80050025,8000500338827,0.360717077244925,0.0176452846462951,3,2
175,80050124,80936848,0.766401506077338,0.0307745544597926,5,1
176,80050124,80050025,0.738772818682346,0.118552250579769,6,2
177,80050124,8000500338827,0.392550244405118,0.0181364377293691,5,3
178,80050278,8000500037874,0.591751736590966,0.058321272036564,21,1
179,80050278,8000500192801,0.601482559402775,0.114394996868005,38,2
180,80050278,4101730002718,0.514613214053437,0.0791392687387906,3,3
181,80052760,80177609,0.723490701175197,0.354102473045982,10,1
182,80052760,8000500029350,0.69004391276521,0.278564817722253,83,2
183,80052760,8000500214138,0.654945917666581,0.208282596352783,4,3
184,80136194,8000500023624,0.798107065521099,0.305232024533768,296,1
185,80136194,8000500071083,0.430652079547162,0.0671306944251406,8,2
186,80136194,8000500167656,0.278741767169552,0.0965147745704686,3,3
187,80177609,80052760,0.734246994396053,0.323612049705031,35,1
188,80177609,8000500071083,0.710445520022277,0.296926494799411,123,2
189,80177609,80177616,0.711493080301192,0.363705310180978,350,3
190,80177616,80310167,0.891284736605415,0.00618945131585041,43,1
191,80177616,8000500071083,0.92365073409092,0.0221577197402266,168,2
192,80177616,80177609,0.844101251069977,0.0090076957211483,59,3
193,80310167,80177609,0.798326464762562,0.0280662279093511,19,1
194,80310167,80177616,0.831836987434372,0.0850005506815771,101,2
195,80310167,8000500071083,0.804839842114403,0.0956676704313892,110,3
196,80761761,80052760,0.845108791229403,0.307621715147665,680,1
197,80761761,8000500029350,0.76745584162019,0.209069910680364,27,2
198,80761761,8000500249352,0.588729842823593,0.20454241971796,3,3
199,80762362,80828174,0.708906438483742,0.077543538975366,5,1
200,80768258,80974482,0.789497693063863,0.153558295616621,13,1
201,80768258,40084107,0.712174959910249,0.243496785489713,5,2
202,80768890,80850885,0.77044861799136,0.0980931342844457,5,1
203,80768890,80804697,0.707956616939758,0.316471233395055,5,2
204,80769545,80948698,0.710777576420777,0.244033961238654,7,1
205,80769699,80850885,0.729960917261318,0.0939143197932984,5,1
206,80773429,80773443,0.821040941841263,0.110803171263534,5,1
207,80773429,80948698,0.733578838507522,0.196346823011691,9,2
208,80773429,80974215,0.675367578486122,0.0790481959608948,13,3
209,80773443,80913467,0.686360921357941,0.185892105491803,17,1
210,80773443,80773429,0.638192156590318,0.0366299736773859,3,2
211,80773443,80780595,0.620912858213064,0.104934910209365,13,3
212,80776307,80790990,0.767959628869577,0.230631050585071,28,1
213,80776307,80794233,0.674650808664394,0.0953972141691175,3,2
214,80776307,80780595,0.670022982840356,0.099896216556861,3,3
215,80780595,80773443,0.749585514709152,0.249001490614559,16,1
216,80780595,80794233,0.627744387508631,0.183349154982238,14,2
217,80780595,80850885,0.612045254955818,0.36988651941164,3,3
218,80790990,80773443,0.754968327231391,0.136426910763703,5,1
219,80790990,80913467,0.72741037301628,0.0969785284019895,4,2
220,80790990,80776307,0.63444898358524,0.109385218701908,9,3
221,80794233,80780595,0.689005082685307,0.138282734742915,15,1
222,80794233,80913467,0.606027245832125,0.343584831064481,19,2
223,80804697,80828174,0.754723063252995,0.0826141030913882,5,1
224,80804697,80768890,0.603156871837641,0.261548111513167,6,2
225,80804697,7290112349897,0.298569466224575,0.133061540076809,3,3
226,80828174,80762362,0.57684470191415,0.20532229323968,16,1
227,80831402,80854753,0.736422614420372,0.024262038028409198,4,1
228,80850885,80762362,0.728051731740083,0.0801113458944901,6,1
229,80850885,80828174,0.700282085678368,0.232131820562332,9,2
230,80854753,80831402,0.662385191971058,0.173230294152627,26,1
231,80896081,80913467,0.887745506749836,0.0245091099911239,3,1
232,80896081,80790990,0.756771606444924,0.329727401257584,5,2
233,80896081,80773429,0.691068140706421,0.248924287392261,16,3
234,80913467,80828174,0.712757336346749,0.066196738268728,3,1
235,80913467,80794233,0.639142285146331,0.102854869049945,12,2
236,80913467,80780595,0.591568723867628,0.0924423169566008,3,3
237,80926481,80896081,0.736726300534077,0.243751762195332,24,1
238,80926481,80974215,0.72687724871529,0.165053367875422,3,2
239,80936848,80050025,0.659355738729066,0.145750031859335,44,1
240,80936848,80050124,0.580217424081901,0.194183186173451,31,2
241,80936848,8000500338827,0.394107215413835,0.065491820489001,28,3
242,80948698,80896081,0.791121607610931,0.0970366001964892,4,1
243,80948698,80790990,0.790850884005181,0.131457207532341,4,2
244,80948698,80773429,0.706772120008699,0.276637017110694,7,3
245,80974215,80773429,0.627052671046947,0.307649074381812,34,1
246,80974215,80926481,0.592924166039114,0.0114799664244762,4,2
247,80974215,80776307,0.576445953045787,0.192916340358341,15,3
248,80974482,80768258,0.789963315827638,0.0785874315832818,13,1
249,80974482,40084107,0.648100130776771,0.230400596579812,7,2
250,87108019,2752349,0.790530345093952,0.191188211942337,3,1
251,87108538,2752332,0.861340813355604,0.065699474753968,34,1
252,87108538,2752349,0.835953857775715,0.0648853303972945,3,2
253,87108538,87311396,0.804717772184696,0.063456654929553,7,3
254,87108651,87108712,0.531786452030325,0.0114632883228407,4,1
255,87108712,2752332,0.635027679120187,0.0292330375848163,17,1
256,87108712,87108651,0.442649669495608,0.0159022332774648,37,2
257,87311396,2752332,0.836338871114507,0.101798243320503,91,1
258,87311396,87108538,0.778071638373726,0.130646181978985,24,2
259,9800800056,8032880800243,0.499208305832779,0.0784873850086932,15,1
260,9800800056,80052760,0.369641683583214,0.0420650367281302,4,2
261,25675120006,25675120037,0.882712280653204,0.122469752971864,54,1
262,25675120006,25675120020,0.835526913593512,0.232980498657045,54,2
263,25675120006,25675120044,0.803222891846321,0.258515169913667,16,3
264,25675120020,25675120068,0.854126411607441,0.193746150397847,17,1
265,25675120020,25675120037,0.798637612862283,0.236371632694576,19,2
266,25675120020,25675120006,0.772163535660277,0.272372313116567,8,3
267,25675120037,25675120020,0.846420663307938,0.225264847527592,63,1
268,25675120037,25675120006,0.828485114794225,0.186662110282308,57,2
269,25675120037,25675120044,0.777906993967274,0.285533704845845,13,3
270,25675120044,25675120037,0.926969202670348,0.0423851295939012,6,1
271,25675120044,25675120020,0.839748877966725,0.227275796256402,11,2
272,25675120068,25675120037,0.85696025717666,0.146949915961329,28,1
273,25675120068,25675120006,0.800901995870251,0.227813931429101,12,2
274,25675120068,25675120020,0.771752091942204,0.231964366923622,35,3
275,31290140107,31290140190,0.444520639506902,0.226397596729965,3,1
276,31290140107,31290140237,0.368563702943078,0.177040941359914,6,2
277,31290140176,31290140107,0.515326525976432,0.197800147477788,7,1
278,31290140190,31290140176,0.58455863278821,0.0780533088897433,5,1
279,31290140190,31290140251,0.539968597848788,0.245471176420144,4,2
280,31290140190,31290140107,0.465979267770841,0.198569808864435,7,3
281,31290140237,31290140251,0.380067663683558,0.222033688493312,10,1
282,31290140237,31290140190,0.375097709142971,0.288286790191851,3,2
283,31290140237,31290140107,0.366158551291745,0.25269013234938,3,3
284,31290140251,31290140237,0.33442461392907,0.185291801539203,4,1
285,34000544028,25675120037,0.430579787102645,0.032461837288628,15,1
286,34000544028,8850632604259,0.388621633128504,0.00288270919321388,3,2
287,40000494805,40000514480,0.855460344017536,0.257233494092878,154,1
288,40000494805,4043108,0.799667971110321,0.247280067697814,18,2
289,40000494805,4043205,0.671223681171878,0.279948982300385,37,3
290,40000512943,4043108,0.55407178032599,0.00545674236157447,3,1
291,40000512943,40000513056,0.489393089908916,0.0263029506681496,7,2
292,40000513056,4043205,0.566292573721659,0.0175610738853066,11,1
293,40000513056,40000514510,0.51610829721717,0.0580969213487806,4,2
294,40000513056,40000512943,0.452325090231552,0.0193705673105215,6,3
295,40000514480,40345123,0.815435190489587,0.039350500293983,4,1
296,40000514480,40000494805,0.724040068233025,0.311394448329739,110,2
297,40000514480,5000159020312,0.662575677234299,0.243018973189901,3,3
298,40000514510,40000514480,0.806519742165885,0.314472718773104,100,1
299,40000514510,4014407,0.689596433941256,0.25793179486714,18,2
300,40000514510,40000494805,0.730046949050414,0.363634654613551,82,3
301,70970471254,70970473609,0.660202307951265,0.0158549201008195,11,1
302,70970473562,70970473609,0.609154562119705,0.0118257394774067,3,1
303,70970473609,70970471254,0.692830262816383,0.0168291983000863,14,1
304,70970473609,70970473562,0.623973715806269,0.0303345534491291,3,2
305,77245110610,7290112336651,0.487268080473987,0.0150631128734358,3,1
306,77245110610,7290112337474,0.459910572767665,0.230921908483877,7,2
307,77245110610,7290112336644,0.455617382144556,0.152256065745796,30,3
308,602652257834,602652176753,0.61344780167647,0.17084974671367,6,1
309,602652257834,5000159528320,0.532847425228922,0.217055501325905,15,2
310,3045140105502,7622300617820,0.804753933014448,0.262733495903925,9,1
311,3045140105502,4025700001962,0.788664377978741,0.279502629291067,7,2
312,3045140105502,7622400005190,0.760793250140035,0.326898654893059,27,3
313,3045140280902,7622300617820,0.921232200860292,0.00540553395059731,3,1
314,3045140280902,4025700001023,0.828645826231069,0.250526944371022,20,2
315,3045140280902,7622300200237,0.739373510023441,0.0060615700468197,3,3
316,3046920010047,3046920029780,0.865452285945575,0.00586524072321119,3,1
317,3046920010047,3046920028004,0.722843468172052,0.215130664430206,20,2
318,3046920010047,3046920028363,0.585625347576235,0.216118705563484,12,3
319,3046920010801,7610400075770,0.564583156142409,0.0838283057205431,4,1
320,3046920010801,3046920029674,0.556887354032346,0.263647238443784,4,2
321,3046920010801,3046920010047,0.505023614775566,0.208093846114166,4,3
322,3046920016377,3046920028721,0.545220816811076,0.259108498878509,7,1
323,3046920016377,3046920029759,0.23925750899421,0.00627493496640388,3,2
324,3046920028004,3046920029780,0.768902249944123,0.234453543592317,109,1
325,3046920028004,3046920010047,0.746039585315876,0.241426597773185,96,2
326,3046920028004,3046920029759,0.543908118479214,0.257864472216374,4,3
327,3046920028363,3046920029681,0.678660091167814,0.197161394190678,28,1
328,3046920028363,3046920029759,0.596568008246161,0.217646059103023,17,2
329,3046920028363,3046920010047,0.579265100005351,0.273282368224252,15,3
330,3046920028721,3046920029759,0.702274097544099,0.202623682146885,16,1
331,3046920028752,3046920010801,0.51036503482122,0.172087675000819,3,1
332,3046920028752,7610400091060,0.523630612892541,0.230913523246112,10,2
333,3046920028752,3046920029674,0.514680881305243,0.234567554686519,4,3
334,3046920029674,7610400091060,0.707688253091622,0.226515711388801,26,1
335,3046920029674,3046920010801,0.631317867245762,0.158109974548793,28,2
336,3046920029674,3046920028752,0.575660768604603,0.150590086328401,58,3
337,3046920029681,3046920028363,0.738253197468566,0.19609692013176,24,1
338,3046920029681,3046920029780,0.679083743189744,0.284926660747152,12,2
339,3046920029759,3046920028004,0.590379857370975,0.359070703888513,5,1
340,3046920029759,3046920028363,0.532455798283025,0.290277996333587,63,2
341,3046920029759,3046920028721,0.437464797498201,0.250611284900168,44,3
342,3046920029780,3046920028004,0.754659083773447,0.190422430695728,38,1
343,3046920029780,3046920010047,0.564634922463561,0.271485830441278,4,2
344,3046920029780,3046920029681,0.521878668861143,0.242812363448793,28,3
345,3800020423578,3800020491393,0.804641800907917,0.316510424614111,16,1
346,3800020423578,5000189974579,0.726149948026247,0.225205942911066,3,2
347,3800020423578,40052403,0.772711165050751,0.336526174954468,12,3
348,3800020491393,3800020423578,0.799491449643947,0.279019983747761,151,1
349,3800020491393,40052403,0.668968970874587,0.371436046570186,13,2
350,3800020491393,171470,0.376720910900618,0.419302812069093,3,3
351,4000417019004,4000417224002,0.679407338821616,0.124505490461279,23,1
352,4000417019004,4000417222008,0.5247935899608,0.0221442122480244,9,2
353,4000417019004,4000417025005,0.35413660378242,0.0403626195986998,4,3
354,4000417025005,4000417022004,0.553949951270146,0.245875084582866,20,1
355,4000417025005,4000417938008,0.504629728385104,0.173745792764142,11,2
356,4000417025005,4000417222008,0.420638159881012,0.262885358831458,130,3
357,4000417222008,4000417019004,0.636708685395993,0.115697893282013,43,1
358,4000417222008,4000417224002,0.632019997242376,0.129899726799726,12,2
359,4000417222008,4000417938008,0.613419873512255,0.164433653955958,6,3
360,4000417224002,4000417938008,0.653575744700977,0.20795601428301,8,1
361,4000417224002,4000417222008,0.468281319545557,0.108109398841105,5,2
362,4000417224002,4000417019004,0.469975208771221,0.181255659617816,111,3
363,4000417454300,4000417651105,0.367019559839717,0.00506872957883117,4,1
364,4000417938008,4000417224002,0.708487132261717,0.110615505417629,7,1
365,4000417938008,4000417019004,0.450821725190467,0.209526605736533,4,2
366,4008400208220,8000500217740,0.589568104797514,0.015856130523578,7,1
367,4008400208220,8000500256213,0.542016748100669,0.00805046768012177,3,2
368,4008400208220,80310167,0.41687187568947,0.00348216463269715,3,3
369,4008400230726,40084107,0.442255017603988,0.0416696380679811,29,1
370,4008400230726,80768258,0.393349982949038,0.0375649406918266,4,2
371,4008400230726,80974482,0.368325086142095,0.0206606281496403,3,3
372,4008400284620,5413548280189,0.79457321769503,0.013316233153582,21,1
373,4008400284620,8000500249352,0.623036544374117,0.0241112963487272,4,2
374,4008400284620,8000500256213,0.447596471238539,0.00455892250037463,3,3
375,4009900013581,8470759,0.750228052448771,0.0054514912321376,3,1
376,4009900013581,4009900531122,0.585093145082035,0.174356185850467,7,2
377,4009900013581,4009900385824,0.585831852512766,0.297118352483418,31,3
378,4009900385824,4009900013581,0.478012837711912,0.345226496173812,23,1
379,4009900385824,4009900420129,0.46448214669999,0.0291493747181244,3,2
380,4009900402965,4009900458504,0.74864490164383,0.190509519794154,55,1
381,4009900402965,4009900403023,0.678645229845867,0.206796141919248,9,2
382,4009900402965,4009900479998,0.6616699049619,0.242772760057104,3,3
383,4009900403023,4009900420129,0.72472412087707,0.215091453246745,71,1
384,4009900403023,4009900484305,0.615819504108691,0.139952645019494,9,2
385,4009900403023,4009900531122,0.62996463541226,0.20252028615778,16,3
386,4009900406918,4009900379564,0.739353431995932,0.0280806584727004,4,1
387,4009900412056,4009900479998,0.919046173363377,0.0218635705291514,3,1
388,4009900412056,4009900458504,0.858168066310179,0.0936487509572675,7,2
389,4009900412056,4009900402965,0.816807476432427,0.111504877663415,8,3
390,4009900420129,4009900403023,0.8553969180238989,0.128847347762518,47,1
391,4009900420129,4009900531122,0.862672469527002,0.166317589690145,24,2
392,4009900420129,4009900482417,0.810715256076411,0.202501293483216,6,3
393,4009900426039,4009900483803,0.633635085098072,0.013727666648278,14,1
394,4009900426039,4009900420129,0.470795605959672,0.0028326606037392,3,2
395,4009900426039,4009900426121,0.504273559769321,0.0345170420104367,22,3
396,4009900426121,4009900491044,0.637375104488007,0.0121352004890185,9,1
397,4009900426121,42306788,0.591528778862441,0.0110166287893226,5,2
398,4009900426121,4009900426039,0.552483316587728,0.0302228910744511,10,3
399,4009900455299,4009900465304,0.804551284149728,0.240019183103806,40,1
400,4009900455299,4009900532327,0.445840283848434,0.0549554982078897,3,2
401,4009900455299,5000159376655,0.474678510752665,0.128357230797816,5,3
402,4009900458504,4009900420129,0.880722656508906,0.0689437295003452,4,1
403,4009900458504,4009900504218,0.85034921240062,0.143318752315848,4,2
404,4009900458504,4009900402965,0.829531179833915,0.145836103000098,76,3
405,4009900465304,4009900455299,0.530870774062392,0.338171767082495,12,1
406,4009900465304,7613035500877,0.438928203408813,0.0257009312079825,4,2
407,4009900465304,5000159376792,0.425058049276763,0.0380188363192857,3,3
408,4009900479998,4009900535632,0.90028958130748,0.0243275475340872,3,1
409,4009900479998,4009900402965,0.761985405753703,0.205417012736282,8,2
410,4009900479998,4009900403023,0.719274553615247,0.127820361361043,3,3
411,4009900482417,4009900531122,0.780489851864488,0.100530519377133,4,1
412,4009900482417,4009900403023,0.775462465666437,0.157517077501963,7,2
413,4009900482417,4009900496247,0.71459856549694,0.12905922730882,23,3
414,4009900483803,4009900426039,0.72313302965681,0.0168197322060195,8,1
415,4009900483803,4009900491044,0.581834534245632,0.020109837584931,4,2
416,4009900484060,4009900420129,0.785260404384261,0.0736149110878867,9,1
417,4009900484060,4009900484305,0.651578155870567,0.157697425922644,17,2
418,4009900484060,4009900484091,0.604821028202608,0.202360001015023,9,3
419,4009900484091,4009900531122,0.767291959866079,0.140854453942301,17,1
420,4009900484091,4009900484305,0.688162939844575,0.157494018200194,4,2
421,4009900484091,4009900484060,0.49783885649639,0.148852626015152,21,3
422,4009900484305,4009900484091,0.619140357554,0.221589820481124,5,1
423,4009900484305,4009900420129,0.615289221100092,0.191512649203075,4,2
424,4009900484305,4009900403023,0.611483552787955,0.161984191428348,4,3
425,4009900487283,4009900013581,0.672303496965408,0.142990473005767,11,1
426,4009900487283,4009900482417,0.583508506903755,0.177697505104468,5,2
427,4009900487283,4009900385824,0.521964330106248,0.184092270858164,6,3
428,4009900491044,4009900426121,0.694386558241552,0.00339487974528662,4,1
429,4009900496247,4009900482417,0.811766815332476,0.0858885401872534,3,1
430,4009900504218,4009900402965,0.800826544989849,0.192757163300755,21,1
431,4009900504218,4009900482417,0.626164962861929,0.2393127396437,8,2
432,4009900504218,4009900535632,0.605200882813166,0.21708134530893,20,3
433,4009900509770,4009900496247,0.532837395735463,0.210441772716608,3,1
434,4009900509992,4009900426039,0.485191044601475,0.0185619565945856,6,1
435,4009900512329,42182115,0.595944828299803,0.0165242430832614,6,1
436,4009900512329,4009900512350,0.485375000977937,0.0298560039470339,29,2
437,4009900512329,7290106721920,0.431519802416626,0.0205526592184323,3,3
438,4009900512350,42188889,0.580722827259306,0.00618986656347615,6,1
439,4009900512350,4009900523288,0.529510062813053,0.0288094407199631,36,2
440,4009900512350,4009900512329,0.518949240162651,0.0178674483427517,11,3
441,4009900521581,4009900420129,0.406397452434428,0.0232178849005069,4,1
442,4009900523288,4009900512329,0.588209399937495,0.0356098647330785,3,1
443,4009900525138,4009900482417,0.8236132860744,0.132411755038736,31,1
444,4009900525138,4009900403023,0.796255485841152,0.118092204678272,24,2
445,4009900525138,4009900479998,0.811798422019509,0.183707187795995,16,3
446,4009900531122,4009900412056,0.879413004385598,0.0680633838522345,4,1
447,4009900531122,4009900482417,0.876422515256947,0.137739434522459,16,2
448,4009900531122,4009900458504,0.822137275809964,0.201348459116686,6,3
449,4009900532327,5000159376792,0.838325470168439,0.018292786727148,7,1
450,4009900532327,5000159376655,0.864988069387688,0.096093122643298,26,2
451,4009900532327,40345123,0.678825918949134,0.0654976338611909,5,3
452,4009900535632,4009900479998,0.919412111813991,0.0145911454782704,5,1
453,4009900535632,4009900458504,0.917906769071777,0.0215502981635857,6,2
454,4009900535632,4009900402965,0.813441567194482,0.108727362988861,8,3
455,4009900536486,4009900482417,0.524422034218822,0.13388568761251,5,1
456,4014400900217,4014400901191,0.66010903777667,0.113078406688616,39,1
457,4014400901191,4014400900217,0.38032837789642,0.0103089966785958,3,1
458,4014400901191,4014400901405,0.366537335434451,0.249498585507631,3,2
459,4014400901405,4014400901191,0.664425589334401,0.194649473974167,10,1
460,4014400901405,4014400900217,0.620495536865647,0.0716509108547989,3,2
461,4014400901412,4014400901191,0.656920820171645,0.216420326492317,5,1
462,4014400901788,4014400910063,0.515629044475255,0.0150962339231304,3,1
463,4014400903409,4014400923711,0.669006680890735,0.0653370911679925,25,1
464,4014400904376,4014400904390,0.548549240268966,0.311929870362219,4,1
465,4014400904376,7290112337481,0.283496356798299,0.0299541531077633,3,2
466,4014400904376,7290111352935,0.274804361265893,0.000981106888762179,3,3
467,4014400907902,4014400914696,0.489926501970588,0.0245989377139341,4,1
468,4014400910063,4014400914696,0.446352139356914,0.0660142990877438,34,1
469,4014400910063,4014400920857,0.438175416319952,0.0514378489138637,13,2
470,4014400910063,4014400914924,0.429004709182674,0.00114369811563002,3,3
471,4014400914696,4014400920857,0.547854699644767,0.0864872018067044,26,1
472,4014400914696,4014400910063,0.453642632614873,0.0909966997048807,13,2
473,4014400914696,4014400914924,0.471336406832488,0.119309943216026,22,3
474,4014400914924,4014400914696,0.670193739848412,0.0474136696685772,21,1
475,4014400914924,4014400920857,0.522804875142874,0.154429450526419,20,2
476,4014400920857,4014400914696,0.591301456993277,0.08364197588866,15,1
477,4014400920857,4014400914924,0.569141276380061,0.026256333892359,17,2
478,4014400923711,4014400903409,0.54541343927466,0.0378168908657721,3,1
479,4014400923711,5000159462594,0.434332614793463,0.015510693754327,3,2
480,4025700001023,7622210163899,0.841348624758518,0.155617020801304,3,1
481,4025700001023,7622300200237,0.713819093275129,0.0120305350920098,3,2
482,4025700001023,7622300617820,0.766949315175733,0.342035788356317,15,3
483,4025700001962,7622300617820,0.928297482612934,0.0392966384432517,8,1
484,4025700001962,4025700001023,0.90429220556358,0.0443812124589006,6,2
485,4025700001962,7622300495046,0.870503634170346,0.0555454454716861,3,3
486,4101730002718,4101730040024,0.408127502218248,0.381391024575275,3,1
487,4101730002718,7610400068505,0.36254779827676,0.0763494455111465,4,2
488,4101730002718,8000500037874,0.307038956830239,0.00801703374034804,4,3
489,4101730003555,4101730040024,0.321734944301364,0.227592526520132,3,1
490,4101730003555,4101730040048,0.202965125646257,0.00597137004645469,3,2
491,4101730040024,4101730040017,0.668067810235218,0.0147838926311543,3,1
492,4101730040024,4101730040048,0.631474533073137,0.349799411099052,38,2
493,4101730040024,4101730040093,0.379531886340287,0.376394200628707,11,3
494,4101730040093,4101730040048,0.626507358808905,0.349913932373897,25,1
495,4101730040093,4101730040024,0.512553909944931,0.419011489257318,14,2
496,5000159020312,4014407,0.580041908107911,0.251958459989971,11,1
497,5000159020312,5000159486972,0.564579377258902,0.219507820382577,4,2
498,5000159020312,4022309,0.562001996917782,0.229502891306232,6,3
499,5000159376655,2752332,0.765662501054084,0.00701746568875762,3,1
500,5000159376655,5000159376792,0.79550936423413,0.101582037440174,29,2
501,5000159376655,4009900532327,0.792877258595503,0.142618920065839,75,3
502,5000159376792,5000159376655,0.775316218584707,0.101723534321425,33,1
503,5000159376792,4009900532327,0.746056128906428,0.120279000552246,47,2
504,5000159376792,4009900465304,0.664784948987728,0.073215984003907,14,3
505,5000159407236,5000159459228,0.906640876079756,0.00477028654558308,5,1
506,5000159407236,5000159461122,0.701494151818871,0.350658752392498,24,2
507,5000159407236,5000159468510,0.372131620699161,0.0117089741771487,3,3
508,5000159409179,5000159442572,0.566394882933062,0.0720721211021951,12,1
509,5000159409179,5000159452977,0.55767434176941,0.127711042382999,9,2
510,5000159409179,5000159468534,0.530431642132126,0.101526531578533,17,3
511,5000159442572,5000159409179,0.604107907565711,0.19770491051398,22,1
512,5000159442572,5000159492317,0.524344486192461,0.0810770040629898,10,2
513,5000159442572,5000159462594,0.474556302599533,0.117444617997356,32,3
514,5000159452977,7290107951579,0.640740035432301,0.15220578051067,3,1
515,5000159452977,7290100850459,0.660396267191794,0.366446526385182,229,2
516,5000159452977,5000159442572,0.629408219902393,0.262980310172391,45,3
517,5000159458771,5000159468534,0.503923129066053,0.172568418256005,3,1
518,5000159458771,40111216,0.462824502383572,0.0110513258893023,7,2
519,5000159459228,40111216,0.935039793654057,0.00156957787247901,3,1
520,5000159459228,5000159486972,0.776600896524224,0.327132233762082,82,2
521,5000159459228,5000159407236,0.749482638636573,0.331089699798594,14,3
522,5000159461122,5000159468534,0.792515493972155,0.00952581427622795,6,1
523,5000159461122,5000159459228,0.748696544787508,0.336529541822864,13,2
524,5000159461122,5000159407236,0.741961596537411,0.354494670534865,16,3
525,5000159462594,5000159468534,0.614906710885379,0.227051755983857,5,1
526,5000159462594,5000159442572,0.58128397363494,0.0674056481102491,8,2
527,5000159462594,5000159492317,0.565286171264886,0.0125771789050464,3,3
528,5000159468510,5000159468534,0.662903027723757,0.0352534446728071,9,1
529,5000159468534,5000159458771,0.802193561153883,0.00438996045828938,3,1
530,5000159468534,5000159409179,0.593323813785833,0.0468614106391358,9,2
531,5000159468534,5000159462594,0.607001161632396,0.260693612448646,7,3
532,5000159486972,5000159461122,0.944334119120829,0.00231797002621098,6,1
533,5000159486972,5000159459228,0.827147298122573,0.249603811244171,188,2
534,5000159492317,5000159442572,0.639632785964903,0.0311025179043342,5,1
535,5000159492317,5000159462594,0.577694729518067,0.0156127911435628,12,2
536,5000159492539,5000159461122,0.466271787005806,0.0861707401398692,4,1
537,5000159516563,8719900516413,0.504314351541139,0.0954991626427704,7,1
538,5000159528481,5000159528320,0.204244301121895,0.00264388872422308,3,1
539,5000189974579,7613036710879,0.854440084743296,0.18388877282569,76,1
540,5000189974579,7290100850459,0.730328121783507,0.150831356566149,4,2
541,5000189974579,5000159409179,0.551009093224991,0.0898566526719503,4,3
542,5413548280189,4008400284620,0.75027160465181,0.00850857946831794,9,1
543,5413548280189,8000500217740,0.626204378680518,0.00388945419717633,14,2
544,5413548280189,8000500256213,0.577247776906859,0.0107513130220169,6,3
545,7290010116348,7290100850411,0.886520330012729,0.0534567093165694,12,1
546,7290010116348,7290100850459,0.874630865984296,0.142920780062762,44,2
547,7290010116348,7290106665507,0.845324866012272,0.00994116932545183,4,3
548,7290015139229,7296073389163,0.700672773091404,0.168687143452483,3,1
549,7290016408294,7296073384137,0.768314838626758,0.0499480315143974,52,1
550,7290016408294,7296073220480,0.741660719540476,0.0250085748959481,28,2
551,7290016408294,7296073384144,0.728836579195513,0.0470026281809634,9,3
552,7290100249086,72909799,0.757687464358043,0.0108196797919959,30,1
553,7290100249086,161631,0.664495899954466,0.0711710784082973,7,2
554,7290100249086,161648,0.63665634995802,0.0920367861109639,5,3
555,7290100850336,7290100850459,0.82701410508738,0.166761536564993,26,1
556,7290100850336,7290100850411,0.781496111166053,0.23318112400947,81,2
557,7290100850336,7290100850466,0.774226991641574,0.218947825004938,103,3
558,7290100850343,7290100850336,0.70305886606741,0.215349557447827,16,1
559,7290100850343,7290106665507,0.644402012765073,0.194220184608889,56,2
560,7290100850343,7290100850411,0.638338843676739,0.228636004935943,37,3
561,7290100850411,7290105961280,0.822259588843616,0.0434151228470283,3,1
562,7290100850411,7290107951586,0.796791276650013,0.00925300219019921,6,2
563,7290100850411,7290107951579,0.795939272986685,0.0671322807429133,133,3
564,7290100850459,7290100850411,0.832261666325836,0.183944526998421,292,1
565,7290100850459,7290100858653,0.798714995580904,0.25211140158361,48,2
566,7290100850459,7290106665507,0.745389158919707,0.199144543671537,53,3
567,7290100850466,7290107951586,0.868759259347148,0.0319740878462102,4,1
568,7290100850466,7290100850459,0.841894318187754,0.160875281656758,45,2
569,7290100850466,7290100850411,0.783398181414837,0.200265329081926,29,3
570,7290100852576,170077,0.757041518211294,0.232414375223301,81,1
571,7290100852576,5197635,0.762524870678104,0.307331577222565,98,2
572,7290100852576,178134,0.734155613804236,0.321082084312145,231,3
573,7290100854266,7290100859162,0.77749180396521,0.018850693700291,6,1
574,7290100854266,8748384,0.73176178547049,0.0146180979634336,16,2
575,7290100854266,7296073161493,0.568478133022878,0.00369482392262515,19,3
576,7290100857045,7290105961525,0.773856440927083,0.0591537212097232,7,1
577,7290100857045,8748384,0.795564198366287,0.223855355879057,59,2
578,7290100857045,3046920029780,0.583107466959637,0.143756437464221,3,3
579,7290100858226,7290103403874,0.647367953775616,0.232230456161888,39,1
580,7290100858226,7290100858219,0.637490730713459,0.190094478600417,22,2
581,7290100858653,7290100850459,0.85282894997318,0.17198555236222,73,1
582,7290100858653,7290100850411,0.838673256233314,0.151989792457649,68,2
583,7290100858653,7290100850343,0.764181014855303,0.0135621965457663,6,3
584,7290100859162,7290100854266,0.863084784553833,0.0120427527607162,72,1
585,7290100859162,170077,0.466082044623907,0.0105501327029967,3,2
586,7290100859162,7296073156611,0.436300910018199,0.0308908237852291,14,3
587,7290101980919,8000500026731,0.758044710942831,0.0135755146460944,28,1
588,7290101980919,7296073388548,0.71956663767142,0.010227254838813,4,2
589,7290101980919,7296073388531,0.708585854217846,0.00173919381014231,3,3
590,7290102035007,5199288,0.817373638717156,0.268913468094438,4,1
591,7290102035007,7290104060403,0.744431551194527,0.185806037629077,196,2
592,7290102035007,8754415,0.695692590377239,0.128022240779074,18,3
593,7290103402815,7290107958578,0.831460700530046,0.125085300490881,52,1
594,7290103402815,7290103407223,0.779429824374252,0.167242562633503,122,2
595,7290103402815,7290103402853,0.721865631120023,0.154562041469771,7,3
596,7290103403874,7290100858226,0.839797223471026,0.0303761338499441,9,1
597,7290103407223,7290104060984,0.849972284467158,0.0273466966621021,12,1
598,7290103407223,7290107958578,0.853591118564323,0.153146696257388,36,2
599,7290103407223,7290103402815,0.833782659936858,0.19219297737169,85,3
600,7290103407506,72917589,0.861932296353709,0.045260709521379,4,1
601,7290104060403,7290104068539,0.841832517096914,0.182869045241823,6,1
602,7290104060403,8754415,0.782606490487018,0.150303773823109,5,2
603,7290104060403,7290102035007,0.79222637125848,0.1863825108714,114,3
604,7290104067198,8748384,0.703028340963951,0.0960577066323348,56,1
605,7290104067198,7610400091060,0.468304228627917,0.0416297312471098,13,2
606,7290104067198,7296073237662,0.482159504545195,0.0822304250563003,39,3
607,7290104068539,8750264,0.836571688694758,0.156731013756748,6,1
608,7290104068539,7290104060403,0.801393885974414,0.281124306752174,3,2
609,7290104068539,7290102035007,0.774456506164212,0.210394453779646,6,3
610,7290104720536,5197628,0.658467720634388,0.34547450676104,112,1
611,7290104720536,170053,0.571823691248195,0.286720763996532,68,2
612,7290104720536,7296073197461,0.571611398255033,0.401463609857943,86,3
613,7290105361707,171470,0.832900740856096,0.208330029921048,75,1
614,7290105361707,72917367,0.839241003818935,0.280464815380328,6,2
615,7290105361707,5000159486972,0.743022045566992,0.204387979723521,7,3
616,7290105363602,7290105364289,0.692965615303933,0.047784067478859,58,1
617,7290105363602,7290105364302,0.662490710864586,0.0342862910509101,56,2
618,7290105364289,7290105363602,0.752265389544845,0.0356314838609059,21,1
619,7290105364289,7290105364302,0.667215293449499,0.0275237166320079,21,2
620,7290105364302,7290105364289,0.729397685520821,0.0238062859557598,3,1
621,7290105961525,7290112349668,0.768070965935476,0.123342713582742,27,1
622,7290105961525,8748384,0.691500715734496,0.154481870112379,67,2
623,7290105961525,7296073413769,0.545941195237178,0.0718027158016046,7,3
624,7290106521612,7290106658479,0.60769587055771,0.0193130560713932,7,1
625,7290106521612,7290106521650,0.468983807789098,0.00792057758586914,11,2
626,7290106521612,7290112495556,0.292709528078351,0.00620980237373055,4,3
627,7290106521650,7290106521612,0.567823945067073,0.00434953115421094,3,1
628,7290106521650,7290112495556,0.500420915877732,0.0572659896025536,4,2
629,7290106657748,4009900455299,0.429568619975706,0.0463645251908457,7,1
630,7290106657748,4022309,0.411357137333542,0.0503364925065249,3,2
631,7290106657748,5000159376655,0.353920408149786,0.0369254772936213,3,3
632,7290106658479,72917589,0.838134042483285,0.170674150649692,3,1
633,7290106658479,7290106521612,0.72012569856874,0.151276169524723,5,2
634,7290106658479,72917367,0.662073203569824,0.279993518437987,15,3
635,7290106665491,7290110567309,0.448771034503011,0.0213603282187724,7,1
636,7290106665491,72917893,0.406886647028953,0.0173829009520189,43,2
637,7290106665491,7290112353399,0.41150347894132,0.0265575881842245,6,3
638,7290106665507,7290100850411,0.754740285305359,0.106753520781431,53,1
639,7290106665507,7290107951586,0.750225644203322,0.0947739597167955,4,2
640,7290106665507,7290107951579,0.774246419706225,0.304517140165789,104,3
641,7290106720695,7290100850459,0.657693821997023,0.0149453698880692,3,1
642,7290106720695,7290100850411,0.566093421811917,0.113806310690122,6,2
643,7290106721906,7290112340252,0.761119659636467,0.07891495049271,4,1
644,7290106721906,7290107937641,0.799902544958324,0.216463248883302,78,2
645,7290106721906,7290102035007,0.719441656647347,0.0993882175620388,22,3
646,7290106721913,7290107937627,0.91394960030335,0.0168770185147055,4,1
647,7290106721913,7290112342386,0.910713678202629,0.0107751318276161,6,2
648,7290106721913,4009900484060,0.71573185591071,0.00846740357146682,7,3
649,7290106721920,7290107937627,0.723029433566304,0.294565088379381,35,1
650,7290106721920,8754415,0.671221223816076,0.100982086734631,29,2
651,7290106721920,4009900531122,0.667707188952422,0.14471323945726,12,3
652,7290106727984,7290107931397,0.598217842606775,0.0132023048008817,17,1
653,7290107649605,7290112490124,0.818321647441381,0.295555300049568,56,1
654,7290107649605,7290112495556,0.466741444945808,0.157472701893845,8,2
655,7290107649605,7290112351210,0.534006667965111,0.343798968092325,3,3
656,7290107931397,7290106727984,0.70192156364898,0.0298647198812165,22,1
657,7290107931397,7290105364302,0.681818976761292,0.0326561434406694,11,2
658,7290107932240,7290107947992,0.616108368762226,0.194600326346277,10,1
659,7290107932240,7622300617820,0.554072005905196,0.265105831456741,4,2
660,7290107932240,7290112351197,0.524503057360599,0.197490343984388,10,3
661,7290107937627,7290106721920,0.744626106232122,0.200480167891439,11,1
662,7290107937627,7290107937634,0.745340432154805,0.275816613666988,20,2
663,7290107937627,7290112332875,0.65136110106062,0.0132541654344114,4,3
664,7290107937634,7290112342386,0.707958906478145,0.0247173489206262,3,1
665,7290107937634,7290112349897,0.720335672969571,0.0792714774816328,8,2
666,7290107937634,7290107937627,0.697861309566852,0.220861622413772,8,3
667,7290107937641,7290106721906,0.798005972311284,0.159205730095719,40,1
668,7290107937641,7290112335111,0.738566278812725,0.0836207894134144,35,2
669,7290107937641,7290112332899,0.65208000318034,0.274982514167284,40,3
670,7290107944380,7290115670301,0.677213278515292,0.0576171764175656,4,1
671,7290107944380,72917367,0.61973386493813,0.0898279974400515,18,2
672,7290107944380,72917329,0.59955656250754,0.142832628335582,67,3
673,7290107944717,7290106521612,0.651754969348867,0.0202581758291716,29,1
674,7290107944717,7290100850411,0.587064874721362,0.111209840585997,3,2
675,7290107944717,7290100850466,0.57159524708547,0.115997220072123,5,3
676,7290107947992,7290107932240,0.599214854939498,0.115389600801935,23,1
677,7290107947992,170053,0.492515710214154,0.0255461868555746,6,2
678,7290107947992,7290107948029,0.518895741253441,0.118159183537974,8,3
679,7290107948029,7290112351098,0.638123008019718,0.0854998560899372,13,1
680,7290107948029,7290112351210,0.608545469999595,0.152743942873988,3,2
681,7290107948029,7290107932240,0.590436401021112,0.0508775832787423,5,3
682,7290107951548,7290107951623,0.832093129126943,0.162500382626237,95,1
683,7290107951548,7290107951630,0.691714534099425,0.245776920494513,94,2
684,7290107951548,7290107948029,0.510021415303618,0.0353414157948364,3,3
685,7290107951579,7290107951586,0.724657557171657,0.302679922817271,26,1
686,7290107951579,7290102033911,0.632297039415781,0.138351525313613,18,2
687,7290107951579,7290106665507,0.702936306126995,0.423894196958065,659,3
688,7290107951623,7290107951548,0.629846375151581,0.189559536990462,217,1
689,7290107951623,7290107951630,0.638623683950394,0.231691827540835,167,2
690,7290107951623,7290112349651,0.382648545818321,0.0421030337280777,11,3
691,7290107951630,7290107951623,0.792271757738712,0.146798989205422,35,1
692,7290107951630,7290107951548,0.724747846258942,0.166809367159738,71,2
693,7290107951630,7290112351210,0.460032599401202,0.0467295311873889,19,3
694,7290107951715,7290112357618,0.833075057618517,0.0797526969265378,4,1
695,7290107951715,7290107937627,0.776656755809542,0.327268486759025,5,2
696,7290107951715,7290107937634,0.644689476046946,0.271244593768689,20,3
697,7290107957069,7290112340252,0.831957048186388,0.106790066945984,3,1
698,7290107957069,7290106721920,0.831529359046773,0.126959770213609,6,2
699,7290107957069,7290106721906,0.732655261158732,0.198175462930944,9,3
700,7290107958578,7290103407223,0.893577970858504,0.129452455756316,70,1
701,7290107958578,7290103402815,0.866929179106567,0.143328849174698,66,2
702,7290107958578,7290107958677,0.773872449271796,0.14572442276737,17,3
703,7290110567309,72917893,0.612363295401471,0.0871855768406748,25,1
704,7290111350986,7290111353239,0.767583523707595,0.0719225903712849,5,1
705,7290111350986,7290111353109,0.665894234664342,0.2082652065644,8,2
706,7290111351402,7290111351419,0.711568982443656,0.0167149332866228,14,1
707,7290111351402,7290112352699,0.582226987957839,0.0686493289499871,9,2
708,7290111351419,7290111351402,0.751541959295486,0.00504965094193222,5,1
709,7290111351419,7290112352699,0.587803118061362,0.0418896910990531,8,2
710,7290111352935,8001003100164,0.67572838369791,0.136786838137957,28,1
711,7290111352935,1817063,0.581302762807368,0.0592723273650708,41,2
712,7290111352935,7702174070201,0.441211619818959,0.0302876519568905,3,3
713,7290111352959,8850632604259,0.907717634028068,0.00887228844245348,4,1
714,7290111352959,8693323085100,0.89098021544836,0.108574976582003,17,2
715,7290111352959,7290111352966,0.808040096632418,0.0959105541603506,14,3
716,7290111352966,8683323063024,0.809435534531904,0.13224279158665,30,1
717,7290111352966,7290111352973,0.800994082455295,0.134568618610478,20,2
718,7290111352966,8693323084028,0.73118898401888,0.146901009734099,13,3
719,7290111352973,8683323063024,0.697395258207179,0.139402815971495,3,1
720,7290111352973,7290111352966,0.660626622298437,0.147043301155131,9,2
721,7290111353055,7290111353239,0.776741980785676,0.182602937674235,27,1
722,7290111353055,7290111353079,0.769020400267932,0.191281669416669,20,2
723,7290111353055,7290111353109,0.764731752984232,0.244287481410663,48,3
724,7290111353079,7290111353154,0.858047915151572,0.177394663999831,51,1
725,7290111353079,7290111353147,0.848380532876273,0.18843011881165,23,2
726,7290111353079,7290111353055,0.772434393315455,0.133487072360822,15,3
727,7290111353109,7290111353123,0.848547081179551,0.0634767732492871,15,1
728,7290111353109,7290111353154,0.828493235999924,0.15048404795234,16,2
729,7290111353109,7290111353055,0.789650662444935,0.143918181551834,33,3
730,7290111353123,7290111353239,0.86213114555823,0.108391809195926,3,1
731,7290111353123,7290111353109,0.724423449602741,0.189590288278005,35,2
732,7290111353123,7290111350986,0.54984804564901,0.104637916357422,3,3
733,7290111353147,7290111353154,0.591023258912043,0.245602898823324,11,1
734,7290111353147,7290111353079,0.503178278419381,0.266513868929535,4,2
735,7290111353154,7290111353147,0.898134706600732,0.108044062807429,68,1
736,7290111353154,7290111353123,0.834643721607835,0.153052197287944,4,2
737,7290111353154,7290111353079,0.854446552359145,0.17390115425052,30,3
738,7290111353239,7290111353055,0.675676938438392,0.267063149407434,19,1
739,7290111353239,7290111353109,0.678340214756583,0.279161174252866,9,2
740,7290111353239,7290111350986,0.451271435848026,0.242256136013726,6,3
741,7290111353383,87108712,0.431679613086572,0.109433439577187,7,1
742,7290111353383,7290111353376,0.395637313943267,0.194260651058906,20,2
743,7290112332899,7290112337450,0.792431067594765,0.197776487367853,31,1
744,7290112332899,7290112349316,0.746300541588226,0.064713469454984,15,2
745,7290112332899,7290106721906,0.752573826552015,0.223163179194859,9,3
746,7290112335043,7296073384144,0.824379670887212,0.00500235542471088,3,1
747,7290112335043,7290016408294,0.782456370263731,0.223712359690627,150,2
748,7290112335043,7296073220480,0.727505000524006,0.152783593168922,3,3
749,7290112335111,7290107937641,0.715847388484998,0.00960746074154694,6,1
750,7290112335111,7290106721906,0.640331945202678,0.0190236817632911,4,2
751,7290112335111,7290112349316,0.609965272517074,0.0177278001258373,19,3
752,7290112335999,7290112344793,0.637649384053415,0.253182875192489,5,1
753,7290112335999,7290112344007,0.620653198646579,0.290631157906641,7,2
754,7290112336644,7290112337474,0.574855249858373,0.0835243578762356,18,1
755,7290112336644,7290112336651,0.526461185418784,0.100544052346886,5,2
756,7290112336644,77245110610,0.328116788918357,0.159375951167621,24,3
757,7290112336651,7290112337474,0.641877990410969,0.124526492541846,3,1
758,7290112336651,7290112336644,0.521266375479871,0.171361013709998,4,2
759,7290112336651,7290112337481,0.42527463869514,0.163910028271068,7,3
760,7290112337474,7290112336644,0.497069711943748,0.122811513516636,59,1
761,7290112337474,7290112337481,0.504784805884683,0.139691779652442,3,2
762,7290112337474,7290112336651,0.403657394012214,0.104253575106731,22,3
763,7290112337481,7290112336651,0.66046422495574,0.0558462338134075,11,1
764,7290112337481,7290112336644,0.437950817095138,0.216833372350849,3,2
765,7290112340245,7290106721906,0.793746952602603,0.11677628481588,3,1
766,7290112340245,7290107957069,0.739759382186967,0.240183873749696,8,2
767,7290112340245,8750264,0.715540405127785,0.058817858073314,5,3
768,7290112340252,7290106721920,0.750129564856117,0.00449007957781744,4,1
769,7290112340252,7290104068539,0.661582873656958,0.00790865480719072,3,2
770,7290112340252,7290112340245,0.662131898552077,0.219129220718749,13,3
771,7290112341594,7290112341617,0.652191108674415,0.123124531504699,11,1
772,7290112341594,7290112341600,0.578336201634717,0.0954628925157548,14,2
773,7290112341600,7290112341617,0.562050606338918,0.110855205069671,7,1
774,7290112341600,8748384,0.356934922522265,0.0234965498493607,3,2
775,7290112341617,7290112341594,0.709725445529974,0.0591325827233271,8,1
776,7290112341617,7290112341600,0.635852525482415,0.0369164826228801,8,2
777,7290112341631,8748384,0.669718325725025,0.00944808438467101,4,1
778,7290112341631,7296073413721,0.485395340390056,0.157997953927314,3,2
779,7290112341921,7290107951715,0.762564961887929,0.12603666298221,9,1
780,7290112341921,7290107937641,0.609506143320563,0.354006857135774,3,2
781,7290112341921,7290107937627,0.519404975933181,0.28070648547607,7,3
782,7290112342379,7290112342386,0.810826769024967,0.173132266540023,13,1
783,7290112342379,7290107937627,0.682408296767148,0.301969258197523,4,2
784,7290112342379,80850885,0.618722639636168,0.107300398474701,3,3
785,7290112342386,80828174,0.609511494357704,0.114641848533332,3,1
786,7290112344007,7290112344793,0.730319130730016,0.0963979893365763,3,1
787,7290112344007,7290112335999,0.617375477013706,0.340041182491062,3,2
788,7290112344793,7290112344007,0.649334095872545,0.206537911223216,8,1
789,7290112344793,7290112335999,0.593233745965435,0.291632400790149,13,2
790,7290112345356,4009900013581,0.463049915404053,0.0856369577034869,6,1
791,7290112345363,7290112345356,0.708821523501317,0.0236644685809131,3,1
792,7290112347602,7290112349279,0.775209058341917,0.0851178374717138,3,1
793,7290112347602,7290112347619,0.691094186156621,0.242929027761975,6,2
794,7290112347619,7290112349279,0.790028773487594,0.0983229085155442,5,1
795,7290112348234,7290110567309,0.643903459856764,0.0434482667032362,3,1
796,7290112348234,7290112350350,0.591847011484975,0.0284623427572897,14,2
797,7290112348234,72917893,0.486652698662762,0.0416207491871382,11,3
798,7290112348241,7290112348234,0.60781275664949,0.018671527248543,3,1
799,7290112348241,7290112350350,0.609035206294253,0.0989381945275799,10,2
800,7290112348241,7290110567309,0.537140303283063,0.0639945416411878,3,3
801,7290112348548,170275,0.792545937847576,0.187673809069273,7,1
802,7290112348548,7290112351128,0.728040060146407,0.21351977253747,3,2
803,7290112348548,7290112351098,0.758039308153134,0.297237149139105,7,3
804,7290112349279,7290112347619,0.672819028147884,0.266928865771784,22,1
805,7290112349279,7290112347602,0.631367458822004,0.265961037810427,11,2
806,7290112349316,7290112332899,0.635117877518672,0.0128653084578948,5,1
807,7290112349316,7290112335111,0.590762600531399,0.112762698868235,6,2
808,7290112349651,7290112351210,0.913445711275479,0.199819129505789,14,1
809,7290112349651,7290112351197,0.889284715654673,0.222754916146612,42,2
810,7290112349651,7290112351098,0.868164827757799,0.273397225350737,9,3
811,7290112349668,7290105961525,0.752379518554618,0.118533691255582,172,1
812,7290112349668,3046920029759,0.531468026723553,0.0927688668434589,30,2
813,7290112349668,8748384,0.574779724183082,0.244734842738448,7,3
814,7290112349897,7290107937634,0.635165086314382,0.0871190720936581,12,1
815,7290112349897,80804697,0.488816089726645,0.0881334028031121,4,2
816,7290112350350,72917893,0.663029635775836,0.0804880276518504,21,1
817,7290112350350,7290112348241,0.639512009976659,0.0645973862260171,8,2
818,7290112350350,7290112348234,0.639926537738564,0.0752341111517674,4,3
819,7290112351098,7290112351210,0.940282591246838,0.03672927998488,3,1
820,7290112351098,7290112351128,0.875535880490117,0.184658528907517,20,2
821,7290112351098,7290112349651,0.880805177098491,0.223000730047662,18,3
822,7290112351104,7290112349651,0.901083096469287,0.181237448951262,9,1
823,7290112351104,8747424,0.878524115313252,0.154136820415297,18,2
824,7290112351104,8750400,0.883720709267981,0.188960360638276,6,3
825,7290112351128,7290100850008,0.965884275744242,0.0101206160495077,10,1
826,7290112351128,7290112351197,0.945739233373855,0.0104015300879881,5,2
827,7290112351128,7290112348548,0.916359525002172,0.00321993973807359,3,3
828,7290112351197,7290112349651,0.888274938618495,0.22254286127871,48,1
829,7290112351197,7290112351210,0.837517231732866,0.281202789164162,12,2
830,7290112351197,170053,0.676931780343193,0.434935865774132,3,3
831,7290112351210,7290112351197,0.897964355411525,0.216072291359696,28,1
832,7290112351210,7290112349651,0.871884053518261,0.253649075787246,29,2
833,7290112351210,7290107948029,0.76966979313245,0.13484266540219,3,3
834,7290112351463,7290112351470,0.72748007555881,0.226710672937299,40,1
835,7290112351463,7290112357892,0.450459847545216,0.322173312284123,18,2
836,7290112351470,7290112351463,0.679920323414261,0.275660878968903,45,1
837,7290112351470,7290112337474,0.328179454927149,0.125360566861223,3,2
838,7290112351470,7290112357892,0.358173661952271,0.28210096877941,16,3
839,7290112351623,7290107951623,0.609356616264319,0.0849074604273601,4,1
840,7290112351623,5200908,0.658273006514719,0.24745806225801,53,2
841,7290112351623,7290107951548,0.577358774104063,0.0919794071181852,6,3
842,7290112352699,7290111351419,0.619700203859925,0.0693928026717457,8,1
843,7290112352699,7290100850411,0.617361934395186,0.137434257918179,4,2
844,7290112352699,7290111351402,0.573566602159025,0.0803579429414128,6,3
845,7290112352705,7290112352699,0.718329479009193,0.0243394204474217,6,1
846,7290112353399,72917367,0.612633735460261,0.00399372051908723,4,1
847,7290112353399,7290115670301,0.610627340167221,0.0219625892209133,33,2
848,7290112353399,8747431,0.561668474773044,0.0104661017687264,3,3
849,7290112357618,7290107951715,0.916236072699522,0.00175311472113536,5,1
850,7290112357618,4009900504218,0.684903814490576,0.0125431295021521,4,2
851,7290112357618,7290107937627,0.776059845948983,0.258358337082013,9,3
852,7290112357892,7290112351470,0.525808171696099,0.292564755399912,10,1
853,7290112357892,7290112351463,0.470307501579036,0.30868353713463,10,2
854,7290112358011,7290112358028,0.592937674565828,0.123400627000917,5,1
855,7290112358028,7290112358011,0.327353725528091,0.123024593207825,4,1
856,7290112490124,7290107649605,0.896387221367805,0.209647855199825,254,1
857,7290112490124,7290112494276,0.62779996091557,0.351283375604304,5,2
858,7290112490124,8753982,0.540851479291879,0.340009111141076,4,3
859,7290112491541,7290112495563,0.797155049586914,0.134555458663571,23,1
860,7290112491541,5197635,0.658857095378608,0.143924954473586,64,2
861,7290112491541,3145539,0.60943569256264,0.151947258815362,27,3
862,7290112493163,7290112494276,0.756752329010596,0.321758577444228,8,1
863,7290112494221,7290112494238,0.847470992268338,0.319427865583443,174,1
864,7290112494221,7290112494276,0.843578794810897,0.323840229966408,305,2
865,7290112494221,7290112494283,0.838795406963646,0.330926610971338,131,3
866,7290112494238,7290112494283,0.933177029943473,0.198294662878159,60,1
867,7290112494238,7290112494221,0.923545165438999,0.208016957784535,55,2
868,7290112494238,7290112494313,0.781778299108963,0.372910260070389,44,3
869,7290112494276,7290112494238,0.862414702005317,0.295974501196797,171,1
870,7290112494276,7290112494221,0.841923993684796,0.315966298192431,220,2
871,7290112494276,7290112494283,0.838999783692498,0.327593334667838,154,3
872,7290112494283,7290112494238,0.861192319325832,0.30102172877877,253,1
873,7290112494283,7290112494276,0.855979160683616,0.31271199316916,136,2
874,7290112494283,7290112494221,0.830827607967046,0.334328181082049,107,3
875,7290112494290,7290112494276,0.762650069896263,0.34709975196299,5,1
876,7290112494290,7290112494221,0.71121658931314,0.355449735870014,10,2
877,7290112494313,7290112494283,0.794978936915243,0.355221948208494,139,1
878,7290112494313,7290112494276,0.791841816582964,0.367548122119556,212,2
879,7290112494313,7290112494238,0.775785711757618,0.36046608094037,145,3
880,7290112495273,7290112494238,0.911892057172839,0.185423876344509,17,1
881,7290112495273,7290112494221,0.903335668166372,0.214144270600439,56,2
882,7290112495273,7290112494283,0.896041515287942,0.224950410382442,32,3
883,7290112495556,72909799,0.590315704407366,0.12727913793107,43,1
884,7290112495556,7290106521612,0.436974102864391,0.111462422531402,3,2
885,7290112495556,161631,0.409171269122266,0.058727167628479,4,3
886,7290112495563,5197635,0.649783008504242,0.00592349488307504,3,1
887,7290112495563,7290100852576,0.610462174000265,0.122144638630622,4,2
888,7290112495563,7296073197478,0.533563710747888,0.0157269347191409,4,3
889,7290112497918,72909799,0.890510512199185,0.135647388388053,131,1
890,7290112497918,161648,0.898889785528333,0.146768439305895,64,2
891,7290112497918,161631,0.838465222205125,0.190091805138574,64,3
892,7290115670264,7290112351593,0.511927901705996,0.0908956886676497,4,1
893,7290115670301,7290112353399,0.646354319638407,0.0100655718932466,8,1
894,7290115670301,40111216,0.213898038931395,0.0120425158637006,9,2
895,7296073141143,7296073197461,0.717650547768422,0.0032579238860893,4,1
896,7296073141150,7296073197478,0.703222448496408,0.0122097288787431,3,1
897,7296073141150,7296073156611,0.64378546995242,0.0187979760586443,6,2
898,7296073141150,7296073161493,0.529329275680246,0.00778880273248068,3,3
899,7296073146933,7296073156611,0.628040383224217,0.00501431647237708,5,1
900,7296073146933,7296073141150,0.634955312601674,0.0264233993928125,25,2
901,7296073146933,7290100854266,0.607338456088688,0.0164153169083162,4,3
902,7296073146940,7296073141143,0.683701122793995,0.0132677811093486,23,1
903,7296073146940,7296073146933,0.674326714952394,0.0173618298913574,4,2
904,7296073146940,8753982,0.52798720377917,0.0328652691407454,13,3
905,7296073146957,7296073156604,0.600794466867147,0.0148294960284712,4,1
906,7296073150756,7296073161509,0.71647940294178,0.00473216068427416,7,1
907,7296073156604,7296073146957,0.6461893040649,0.107132869276488,7,1
908,7296073156611,7296073161493,0.741939987242324,0.00992137470342034,4,1
909,7296073156611,7290100854266,0.706177520947191,0.00422487724499612,3,2
910,7296073161493,7296073156611,0.719295967038419,0.067587686978135,20,1
911,7296073161493,7290100859162,0.723160008027474,0.081873195117301,21,2
912,7296073161493,7296073202479,0.674253584279128,0.0430421266034461,6,3
913,7296073161509,7296073150756,0.758860278448108,0.0569291838149798,18,1
914,7296073161509,7296073197461,0.383053447074083,0.0479079679777831,5,2
915,7296073161516,7296073156628,0.429823766646386,0.0392001269595316,4,1
916,7296073161516,7296073161493,0.307630023751337,0.026350274565769,4,2
917,7296073161516,7296073197478,0.253381761038011,0.0544566915499521,12,3
918,7296073170839,7296073171126,0.845471586861313,0.0119115427914888,19,1
919,7296073170839,7290112348548,0.668766526070908,0.0298909639757039,27,2
920,7296073170839,3045140105502,0.597489136548678,0.0125600177119524,3,3
921,7296073171126,7296073170839,0.734993751704596,0.00642870209884071,25,1
922,7296073171126,7290112348548,0.628073262679532,0.0146134090671003,10,2
923,7296073171126,4025700001962,0.657703563061385,0.0389780787875801,19,3
924,7296073197461,7290104720536,0.756377612150141,0.00188320854470309,3,1
925,7296073197461,7296073141143,0.714178346012102,0.0272612641261007,10,2
926,7296073197461,7296073202493,0.637962630796349,0.130759747884052,12,3
927,7296073197478,7290100852576,0.734669733715832,0.181711638223182,14,1
928,7296073197478,7296073202479,0.697007503938755,0.102865389836411,56,2
929,7296073197478,7296073141150,0.672466848165176,0.0747017107065722,17,3
930,7296073202479,5197635,0.859195298956135,0.0327280679462934,29,1
931,7296073202479,7296073197478,0.846331894896993,0.15044068073286,129,2
932,7296073202479,7290100852576,0.74765364842113,0.0721606033807566,3,3
933,7296073202493,7296073197461,0.835815322643105,0.0901072168893956,50,1
934,7296073202493,5197628,0.661091342291651,0.0129422942669479,4,2
935,7296073202493,7296073150756,0.305682459045554,0.0230839881073251,3,3
936,7296073220176,7296073384144,0.936257910275699,0.0156209690670683,3,1
937,7296073220176,7296073384137,0.925980852122568,0.0152970340388517,15,2
938,7296073220176,7296073220480,0.908269219741983,0.0518207607844794,24,3
939,7296073220480,7296073384137,0.917281499715833,0.013431508736989,20,1
940,7296073220480,7290016408294,0.860572239630142,0.0410046049124524,38,2
941,7296073220480,7296073384144,0.876911895925988,0.0966142916644803,31,3
942,7296073237631,7296073382355,0.88505605264293,0.11456079658142,30,1
943,7296073237631,7296073237655,0.841485500384502,0.061162062210479,3,2
944,7296073237631,7296073413769,0.845117776627893,0.157914736009848,10,3
945,7296073237655,7296073237631,0.830494926091495,0.0560614297521706,5,1
946,7296073237655,7296073382386,0.845642162331184,0.132615690525103,54,2
947,7296073237655,7296073382355,0.82061012703897,0.0841871555554299,6,3
948,7296073237662,7296073237655,0.756425343842955,0.207677966123509,19,1
949,7296073237662,7296073413776,0.71888100550178,0.174896768766141,21,2
950,7296073237662,7290104067198,0.570252166612199,0.079469421620004,13,3
951,7296073259886,7296073141143,0.669474420268413,0.119412692665354,5,1
952,7296073259886,7296073146957,0.599941756615178,0.0516009816247803,3,2
953,7296073259886,8747424,0.540416003500449,0.246222417863968,14,3
954,7296073259909,7296073146957,0.68004083967774,0.0596019973174175,5,1
955,7296073259909,7296073146940,0.593253485766671,0.0134351308714509,4,2
956,7296073259909,7296073141143,0.532440093396539,0.0240731466225166,7,3
957,7296073259916,7296073141143,0.661145447234195,0.121272743330373,9,1
958,7296073259916,7296073259886,0.675036694865513,0.262788147323136,5,2
959,7296073259916,7296073259909,0.613972868793128,0.203207547174874,9,3
960,7296073271437,7296073413721,0.789591252795041,0.0489983455032258,6,1
961,7296073271437,7296073237662,0.77038054618089,0.149459346850301,11,2
962,7296073271437,7296073413776,0.6597566549194,0.207148750995486,4,3
963,7296073322979,7296073204640,0.644048145955969,0.0203774614967766,57,1
964,7296073346715,7296073346753,0.772520792869,0.28244212024619,5,1
965,7296073346715,7296073346746,0.686618536105202,0.277064237585555,25,2
966,7296073346715,7296073346739,0.651846764319172,0.297744676933218,9,3
967,7296073346722,7296073346753,0.808267595653885,0.233136800386876,24,1
968,7296073346722,7296073346739,0.758684500110651,0.256545899333599,11,2
969,7296073346722,7296073346746,0.474050979569008,0.369386465250619,5,3
970,7296073346739,7296073346753,0.796806880597711,0.153202327245957,5,1
971,7296073346739,7296073346715,0.772842842842937,0.271654994540417,32,2
972,7296073346739,7296073346722,0.74656080309734,0.283277055351799,17,3
973,7296073346746,7296073346753,0.904878531487982,0.00720674780206496,3,1
974,7296073346746,7296073346715,0.803476509000058,0.261928299364299,5,2
975,7296073346746,7296073346739,0.733152344676409,0.313307671508342,4,3
976,7296073346753,7296073346722,0.851451275895823,0.00757019369994625,5,1
977,7296073346753,7296073346739,0.733661355012412,0.232079495687473,7,2
978,7296073348825,7296073237686,0.753456323832042,0.215746326552488,12,1
979,7296073373803,7296073373834,0.887730438662846,0.00590916011725263,3,1
980,7296073373803,7296073373827,0.534762929304864,0.352403041747596,7,2
981,7296073373810,7296073373834,0.759151843035405,0.267332253000687,6,1
982,7296073373810,7296073373841,0.696685620402744,0.395424821004538,3,2
983,7296073373810,7296073373827,0.630622261299632,0.353838080318999,13,3
984,7296073373827,7296073373803,0.813448131050678,0.114877057623903,5,1
985,7296073373834,7296073373810,0.682703887684068,0.327643523491532,6,1
986,7296073373834,7296073373803,0.550964774054201,0.383989113649243,4,2
987,7296073373834,7296073373827,0.519039142214876,0.408928088235217,4,3
988,7296073373841,7296073373827,0.544244106498654,0.452143369761446,4,1
989,7296073378891,7296073388548,0.782566203648665,0.330435141306834,154,1
990,7296073378891,8000500026731,0.6624654498462,0.104167973791849,9,2
991,7296073378891,7290101980919,0.518344464826467,0.177484992652181,15,3
992,7296073382355,7296073382416,0.88436166315902,0.0528366450199105,12,1
993,7296073382355,7296073413769,0.855191756432907,0.11288746287505,42,2
994,7296073382355,7296073237631,0.860552376975172,0.144909392473087,77,3
995,7296073382386,7296073413721,0.890063959579874,0.0451327461360489,12,1
996,7296073382386,7296073237655,0.872091080217705,0.114745333681586,52,2
997,7296073382386,7296073237631,0.834885866668495,0.14676144283249,30,3
998,7296073382416,7296073237631,0.779889031949088,0.244096239900493,32,1
999,7296073382416,7296073413769,0.773147745529707,0.268377973468898,9,2
1000,7296073382416,7296073382355,0.740662748237258,0.321042966675349,104,3
1001,7296073384137,7296073384144,0.91738168730536,0.0201645820012727,15,1
1002,7296073384137,7296073220176,0.917971945405011,0.0274195739695627,7,2
1003,7296073384137,7290016408294,0.879772269483853,0.0274724161402728,33,3
1004,7296073384144,7296073384137,0.919600243675454,0.0407740057964527,19,1
1005,7296073384144,7290016408294,0.87223060794903,0.0399336182598125,40,2
1006,7296073384144,7296073220176,0.895472822630391,0.105357382788768,8,3
1007,7296073388531,7296073378891,0.841262113942102,0.277092336773486,16,1
1008,7296073388531,7296073388548,0.786079279779184,0.3134301506663,6,2
1009,7296073388531,8000500026731,0.418688732577565,0.0826305941871024,7,3
1010,7296073388548,7296073378891,0.832472753420112,0.258292982438443,32,1
1011,7296073388548,8002267014945,0.523713253633335,0.0351624057096787,4,2
1012,7296073388548,7290101980919,0.475672525238858,0.180550898003221,11,3
1013,7296073388821,7296073415039,0.460766527865772,0.111864045196163,3,1
1014,7296073388838,7296073415039,0.645362322028433,0.102563163355445,3,1
1015,7296073388838,7296073388845,0.618638707143996,0.137444399582611,4,2
1016,7296073388838,7296073388852,0.475987844454691,0.196862485586096,19,3
1017,7296073388845,7296073415053,0.753272632304007,0.0221963476435004,3,1
1018,7296073388845,7296073388838,0.655498188553534,0.201155964232997,18,2
1019,7296073388845,7296073415046,0.625660747579757,0.121187862485533,7,3
1020,7296073388852,7296073388821,0.844016219323502,0.0563441039721096,3,1
1021,7296073388852,7296073388838,0.795476603078465,0.136909374696163,20,2
1022,7296073388852,7296073415053,0.681318054219548,0.0839307976937544,3,3
1023,7296073389163,7290015139229,0.769167407618973,0.0353532989903949,7,1
1024,7296073398509,7290103402815,0.808135007539849,0.0752949981468377,44,1
1025,7296073398509,8000500071083,0.745307417554566,0.169791937698553,38,2
1026,7296073398509,80177616,0.668368639613088,0.092193123099473,7,3
1027,7296073403234,7296073403241,0.782339622421467,0.00612060346365309,11,1
1028,7296073403241,7296073403234,0.788801026373279,0.00963640938850303,8,1
1029,7296073403241,7296073407737,0.606753343905796,0.0571765721357243,3,2
1030,7296073405450,7290016408294,0.613657330494754,0.0124284758467627,5,1
1031,7296073407737,7296073403234,0.640347958671948,0.170419933462056,5,1
1032,7296073407737,7296073403241,0.58120096733736,0.141864342250835,39,2
1033,7296073413721,7296073237655,0.909528863844409,0.0218748840601928,5,1
1034,7296073413721,7296073382386,0.911007987250352,0.0950293124896647,22,2
1035,7296073413721,7296073237631,0.85654764908894,0.0413907393359974,3,3
1036,7296073413769,7296073237631,0.926787146607654,0.0155332252669491,8,1
1037,7296073413769,7296073382355,0.878077981119908,0.147463441741844,24,2
1038,7296073413769,7296073413721,0.776841776563798,0.254649873999977,17,3
1039,7296073413776,7296073237662,0.631538847648687,0.279603381733734,3,1
1040,7296073413776,8748384,0.559297950433304,0.146952746020981,3,2
1041,7296073413776,7296073237655,0.570355655583513,0.315654636558306,7,3
1042,7296073415039,7296073415053,0.799206932905361,0.0811927374933957,16,1
1043,7296073415039,7296073415046,0.679068407872424,0.241412597991984,4,2
1044,7296073415039,7296073388821,0.630578429170272,0.115951034661403,5,3
1045,7296073415053,7296073415039,0.662884761514586,0.161581735599428,7,1
1046,7296073415053,7296073415046,0.551691986751265,0.23270213757761,4,2
1047,7296073415053,7296073388821,0.455252274212121,0.224621556102632,4,3
1048,7610400014649,7610400085946,0.50382071420723,0.00371224909732399,3,1
1049,7610400014649,7610400074155,0.536578417251821,0.216772338019649,16,2
1050,7610400014649,8690504156543,0.286914122973001,0.0520244998207237,3,3
1051,7610400068505,7610400087537,0.527754556252036,0.197770801436099,11,1
1052,7610400068505,4014400901191,0.410178048873957,0.0963596502905162,3,2
1053,7610400068505,8003340098098,0.392235024021228,0.221364356492135,4,3
1054,7610400070577,3046920029674,0.838191723161552,0.00384634004367427,4,1
1055,7610400070577,3046920010801,0.803847671987773,0.0731993427780881,4,2
1056,7610400070577,7610400091060,0.795849772274591,0.0659826895565261,3,3
1057,7610400074155,7610400014649,0.589449824836871,0.157511553190936,14,1
1058,7610400074155,7290112341631,0.267396090969122,0.0107520353472251,4,2
1059,7610400074155,8748384,0.26646765571885,0.074718603261107,4,3
1060,7610400075770,7610400085946,0.621353128634529,0.217537682475207,33,1
1061,7610400075770,7610400075787,0.471982578719862,0.207770095346754,40,2
1062,7610400075770,3046920010801,0.355228726140896,0.0337507662496321,14,3
1063,7610400075787,7610400075770,0.458972230692163,0.210178619214415,45,1
1064,7610400075787,7610400085946,0.452905585133546,0.264772311556669,47,2
1065,7610400075787,7616500642577,0.345412066146318,0.203553308562422,3,3
1066,7610400085946,7610400075787,0.617167001744439,0.197982185574908,20,1
1067,7610400085946,7610400075770,0.5574718493307,0.210026520569964,20,2
1068,7610400085946,7616500666092,0.386528538613024,0.0230934511484827,5,3
1069,7610400091060,3046920029674,0.712236467670189,0.0920770622278373,11,1
1070,7610400091060,3046920010801,0.696694211792372,0.188236061730029,30,2
1071,7610400091060,3046920028752,0.67753558708496,0.169688364051285,19,3
1072,7613035500877,7613036710879,0.589408941936593,0.352731865323267,6,1
1073,7613035500877,5000189974579,0.494300704339832,0.27764325338689,16,2
1074,7613035500877,8000380189281,0.417123545131227,0.130628992102455,4,3
1075,7613036710879,5000189974579,0.847929276774738,0.205807081009168,42,1
1076,7613036710879,40052403,0.5062677425935,0.10453962650487,5,2
1077,7616500642560,7616500664395,0.886146889869259,0.0363983421669082,3,1
1078,7616500642560,7616500642584,0.520921199566364,0.233110413224857,18,2
1079,7616500642560,7622300200237,0.437759705335319,0.243370719859237,4,3
1080,7616500642577,7616500647251,0.670464934664098,0.312607230421678,14,1
1081,7616500642577,7616500664395,0.580935010740738,0.329666301182437,48,2
1082,7616500642577,4025700001023,0.421750246335381,0.0560546943335471,4,3
1083,7616500642584,7616500664395,0.525501636907785,0.367184822874967,9,1
1084,7616500642584,7616500642577,0.51708790786305,0.377635150936966,18,2
1085,7616500642584,7616500642560,0.385740523375847,0.376754371758717,26,3
1086,7616500647251,7616500642577,0.809271186384902,0.0818253753389126,8,1
1087,7616500647251,7616500647268,0.765152554444288,0.294660473855123,6,2
1088,7616500647251,7616500666092,0.511942649822259,0.414699262650228,4,3
1089,7616500647268,7616500666092,0.594950323360392,0.369301434456709,8,1
1090,7616500647268,7616500647251,0.535957676523678,0.41203370340291,56,2
1091,7616500647268,7296073156628,0.426012245023753,0.127046095655744,3,3
1092,7616500647725,7616500647268,0.387201093914313,0.24085793458646,3,1
1093,7616500647725,7616500642577,0.37551629827343,0.26508136937225,3,2
1094,7616500647725,7610400075787,0.316922632431475,0.113687186299996,10,3
1095,7616500664395,7616500642577,0.734652437453439,0.361725486784018,73,1
1096,7616500664395,7616500642584,0.613963386902579,0.286086273484516,14,2
1097,7616500664395,7616500642560,0.563205152488791,0.33148833846521,30,3
1098,7616500666092,7616500647251,0.825669449041244,0.114502003729599,3,1
1099,7616500666092,7610400075787,0.358943282785056,0.168160407329319,6,2
1100,7616500666092,7616500642560,0.284890519708041,0.234776641450659,4,3
1101,7616500671836,7616500642577,0.511159218860188,0.334536703571226,8,1
1102,7622210078131,4025700001023,0.951431345867343,0.0229273988121262,11,1
1103,7622210078131,7622300498429,0.929001770990219,0.0218449595848753,7,2
1104,7622210078131,7622210826053,0.860891536693365,0.105430352376463,4,3
1105,7622210163899,7622210826053,0.897002649447998,0.110066466212799,6,1
1106,7622210163899,7622300617820,0.84221452439824,0.259283182141361,9,2
1107,7622210163899,7622400005190,0.79959994393771,0.305699007907029,6,3
1108,7622210597915,7622210656117,0.451459684394511,0.0129328807499317,8,1
1109,7622210645999,7622210646026,0.651439190847843,0.367528528877322,3,1
1110,7622210645999,4025700001023,0.484769775234118,0.254510667922108,11,2
1111,7622210645999,3045140105502,0.366890530075402,0.300277527186199,6,3
1112,7622210646026,7622210078131,0.690973666907874,0.165461167962764,5,1
1113,7622210646026,7622210645999,0.665517880849756,0.302547777215831,7,2
1114,7622210646026,7622210646033,0.525652232417422,0.316424101940738,8,3
1115,7622210646033,7622210645999,0.790294173217681,0.223883961778874,8,1
1116,7622210646033,3045140105502,0.442599399198992,0.302036948668527,5,2
1117,7622210646033,170077,0.307486471840253,0.210778540537442,3,3
1118,7622210690852,7622400005190,0.458439133405272,0.0307217038691161,3,1
1119,7622210690852,7616500642577,0.458059192244467,0.135718495749301,5,2
1120,7622210690852,7622300200237,0.412090404550457,0.0602853235276924,21,3
1121,7622210693266,4025700001023,0.376057580199277,0.0215959842579015,5,1
1122,7622210693266,7622300200237,0.306623680872474,0.0210801462019501,6,2
1123,7622210693266,7616500642577,0.254621463543965,0.0881751852086445,5,3
1124,7622210820310,4025700001023,0.795585649251068,0.247416116481828,20,1
1125,7622210820310,7622210646026,0.76526078908771,0.119783077630025,8,2
1126,7622210820310,3045140280902,0.726714990304843,0.250937135146922,10,3
1127,7622210826053,7622210163899,0.92069443429013,0.0409021753411639,4,1
1128,7622210826053,7622300495046,0.90344291093648,0.0444967076983179,3,2
1129,7622210826053,7622300617820,0.664110114019778,0.423686016615718,486,3
1130,7622300200237,3045140105502,0.408889852741617,0.173956994264743,91,1
1131,7622300200237,7622210690852,0.366045406709383,0.244891368311391,20,2
1132,7622300200237,7616500642560,0.320639998680401,0.185559689176179,16,3
1133,7622300495046,7622300617820,0.932033154528139,0.0109598509128293,3,1
1134,7622300495046,4025700001962,0.920027661512306,0.015116520967126,3,2
1135,7622300495046,7622210646033,0.739125233151535,0.261240712547759,61,3
1136,7622300498429,7622210078131,0.936665027380126,0.0282916601832767,4,1
1137,7622300498429,7622300617820,0.812687356819346,0.319196601782983,7,2
1138,7622300498429,7622400005190,0.786084350921235,0.287575009806589,6,3
1139,7622300617820,7622210826053,0.880629361658519,0.143511232817595,81,1
1140,7622300617820,7622400005190,0.733807143214939,0.374541285474916,21,2
1141,7622300617820,4025700001023,0.713361829195398,0.400570339770857,11,3
1142,7622400005190,4025700001023,0.911831785934708,0.030057915659857,5,1
1143,7622400005190,7622300498429,0.899753412684724,0.0523553086271171,3,2
1144,7622400005190,7622300617820,0.880033033219434,0.211718599049453,34,3
1145,7702174068833,7702174070201,0.719053601971236,0.0742256764343621,20,1
1146,7702174068833,7792860009325,0.627857483450244,0.00930434163666591,4,2
1147,7702174068833,7290111352935,0.447191519972895,0.0135813636350791,5,3
1148,7702174070201,7702174068833,0.777299113826354,0.113591640675847,68,1
1149,7702174070201,7290111352935,0.481286532368452,0.0421805575015613,5,2
1150,7792860006218,2752332,0.666763430000128,0.015894932602017,3,1
1151,7792860006218,7702174068833,0.586462125084249,0.0396541212342294,3,2
1152,7792860006218,7792860009325,0.55493908113272,0.0139848918920143,5,3
1153,7792860009325,7702174068833,0.601532421021126,0.00949032129881691,14,1
1154,7792860009325,7702174070201,0.582255467290491,0.0615770100536756,4,2
1155,8000380189281,8000380106028,0.511377975735679,0.0214014212714098,3,1
1156,8000380189281,8000500249352,0.435794317276612,0.0107417040993117,6,2
1157,8000380189281,7290112346360,0.382394800704926,0.00604620105008273,4,3
1158,8000500018828,80177616,0.687706809119703,0.0269362581742954,7,1
1159,8000500018828,8000500071083,0.566693392145124,0.0476187214948915,12,2
1160,8000500023624,8000500026731,0.655921511971581,0.0294912947371447,4,1
1161,8000500023624,80136194,0.621264187273507,0.402178053391883,185,2
1162,8000500023624,8000500071083,0.422658388444527,0.100044168420997,21,3
1163,8000500023976,8000500192801,0.552226947839124,0.128265581062712,3,1
1164,8000500023976,8000500037874,0.413529104485755,0.0256395733193818,8,2
1165,8000500026731,40084107,0.662966259118237,0.0292508607700917,11,1
1166,8000500026731,8000500075708,0.6253628392951,0.143938663476135,70,2
1167,8000500026731,8000500126325,0.610168018515918,0.153013468007204,33,3
1168,8000500029350,80052760,0.767282326458716,0.0601168360665974,292,1
1169,8000500029350,8000500023624,0.632701989900913,0.0869026993837524,9,2
1170,8000500029350,8000500217740,0.551946996993941,0.050547530942314,12,3
1171,8000500037874,8000500192801,0.745547070852714,0.148072175655685,103,1
1172,8000500037874,8000500032237,0.509580589147786,0.0161895048293786,3,2
1173,8000500037874,8000500314562,0.4328961973199,0.050711620799062,4,3
1174,8000500071083,8000500018828,0.767767566512109,0.106462303473591,19,1
1175,8000500071083,80177609,0.76569589392598,0.159018307832169,157,2
1176,8000500071083,80177616,0.766102265474979,0.306043023082604,1271,3
1177,8000500075708,80974482,0.677732261218802,0.00390746075285431,5,1
1178,8000500075708,8000500126325,0.773938281852157,0.14338754253707,81,2
1179,8000500075708,8000500026731,0.692326307064167,0.0765422496174842,169,3
1180,8000500082928,8000500026731,0.742543097042962,0.00625774073729794,42,1
1181,8000500082928,8000500126325,0.666623239256836,0.00957156135657478,5,2
1182,8000500082928,8000500075708,0.666348522525453,0.0137217601260199,14,3
1183,8000500094976,8000500037874,0.539639408560382,0.00380264475158024,4,1
1184,8000500096017,4008400208220,0.612777670768294,0.0761757866889954,13,1
1185,8000500096017,8000500026731,0.462753999578858,0.0569330864810505,3,2
1186,8000500096017,8000500023624,0.396623245889273,0.061056369934701,4,3
1187,8000500121436,80761761,0.744156990002112,0.034200074933586,172,1
1188,8000500121436,80052760,0.666071968869818,0.0142507200524196,10,2
1189,8000500121436,80136194,0.661518182335173,0.0378388758443536,5,3
1190,8000500126325,8000500075708,0.791378562370413,0.152244989972903,72,1
1191,8000500126325,80768258,0.673419398811099,0.0553729304635769,7,2
1192,8000500126325,8000500026731,0.688025058665174,0.0763551997328902,115,3
1193,8000500167656,80177616,0.506273039297228,0.0215519676177509,3,1
1194,8000500167656,80310167,0.43087804556599,0.00924184837541622,9,2
1195,8000500192801,8000500037874,0.61797232064455,0.0703038174153752,31,1
1196,8000500192801,7610400068505,0.519260177820429,0.0449988834388722,3,2
1197,8000500192801,80050278,0.482043285234161,0.0313902706687426,6,3
1198,8000500214138,8000500029350,0.742261427123001,0.177354088951749,62,1
1199,8000500214138,8000500121436,0.678924514349343,0.218996843329551,6,2
1200,8000500214138,80052760,0.531526476924955,0.0173107533320884,15,3
1201,8000500217740,8000500249352,0.695355618917134,0.0147771829508709,28,1
1202,8000500217740,5413548280189,0.677064357453157,0.010768127061174,3,2
1203,8000500217740,4008400208220,0.68945610657288,0.0266736184148446,3,3
1204,8000500249352,8000500217740,0.832798650184001,0.00500475746510692,107,1
1205,8000500249352,4008400208220,0.768244397788388,0.0058283946409624,6,2
1206,8000500249352,8000500029350,0.490004603205832,0.0200481259444153,4,3
1207,8000500256213,8000500217740,0.653001310227457,0.00418070701356603,48,1
1208,8000500256213,8000500249352,0.637472285170876,0.00613536252044886,13,2
1209,8000500256213,80310167,0.564116501806014,0.00446542372169703,3,3
1210,8000500327319,8000500338827,0.590122347799125,0.0133092503207412,3,1
1211,8000500338827,8000500327319,0.529866766538078,0.00471921662676361,5,1
1212,8000500338827,2753223,0.459417706829679,0.0106636430032457,3,2
1213,8000500338827,80050025,0.393775718390559,0.015228213089734,7,3
1214,8001003100164,7290111352935,0.533960372107207,0.0584495247823259,16,1
1215,8001003100164,1817063,0.42330412809535,0.00352668354937605,3,2
1216,8001003100164,7702174068833,0.414821018686738,0.0348296165186027,3,3
1217,8001675552711,8001675552704,0.482992861189035,0.376497344865294,7,1
1218,8001675552711,170077,0.432307685686371,0.0465717193821775,5,2
1219,8002267014945,7296073378891,0.805710455126912,0.130190060161116,16,1
1220,8002267014945,7296073388548,0.768971935654176,0.147879842046095,20,2
1221,8002267014945,8000500075708,0.615951065481282,0.085006283636731,5,3
1222,8032880800243,7290105363602,0.794669283326587,0.0401137915862718,4,1
1223,8032880800243,7290106727984,0.674634033058774,0.0885557440955947,14,2
1224,8032880800243,7622300761363,0.579782636462495,0.0778502029608187,3,3
1225,8683323063024,7290111352973,0.738985306537685,0.146364532070994,10,1
1226,8683323063024,7290111352966,0.713398914687548,0.131569879408389,45,2
1227,8683323063024,8693323085100,0.606947805161249,0.00908418337530928,5,3
1228,8690504153740,8690504153849,0.553281983805031,0.0769727530291364,10,1
1229,8690504153740,8690766156374,0.408136459540533,0.0924871924759787,5,2
1230,8690504153740,8690504156543,0.402764859238457,0.208107388266943,61,3
1231,8690504153849,8690504156543,0.717956911123751,0.102165469566956,23,1
1232,8690504153849,8690504153740,0.628511525265589,0.265854785476509,3,2
1233,8690504155591,8690504156543,0.608891907120999,0.236268069168046,21,1
1234,8690504156543,8690504153849,0.643795380219029,0.0675926371184609,3,1
1235,8690526009254,8690526009353,0.811555020512199,0.0912868060001746,6,1
1236,8690526009254,8690526035697,0.696806621615531,0.27237574745138,16,2
1237,8690526009254,8690526009278,0.611410804332944,0.309645639398336,9,3
1238,8690526009278,8690526009353,0.773994262999842,0.260028523255067,20,1
1239,8690526009278,8690526009254,0.695593664093496,0.296969930623515,13,2
1240,8690526009278,8690526035697,0.689440940479183,0.351308351571698,4,3
1241,8690526009353,8690526009278,0.874391542782355,0.0361882414038594,5,1
1242,8690526009353,8690526009254,0.719282261239981,0.335406878774129,4,2
1243,8690526009353,8690526035697,0.665163358709895,0.333656716612282,6,3
1244,8690526035697,8690526009254,0.462095803498519,0.306544297532252,25,1
1245,8690526035697,7296073385684,0.40378826202732,0.0900395128976968,8,2
1246,8690526035697,8000380180745,0.375757603844475,0.0614300223118769,5,3
1247,8690766156367,5000168199221,0.550763565188262,0.144819270422018,5,1
1248,8690766156367,8690766156381,0.472753410531899,0.241032173571191,5,2
1249,8690766156374,8690766156381,0.492407149481895,0.178385751273861,16,1
1250,8690766156374,8748384,0.34739595404043,0.003208547903648,3,2
1251,8690766156374,3046920029780,0.321268532885772,0.0321490348286994,4,3
1252,8690766156381,8690766156374,0.409996238782019,0.227468936371702,90,1
1253,8690766156381,7290112349668,0.348209523255046,0.0893217869784936,24,2
1254,8690766156381,8690766156398,0.303857761649194,0.102648429853525,5,3
1255,8690766156398,8690504153849,0.465748121038073,0.0405977319427091,3,1
1256,8690766156398,8690766156367,0.505636609071562,0.221435654626444,5,2
1257,8690766156398,8690766156411,0.479416802382133,0.192322313534298,3,3
1258,8690766156404,8690766156411,0.600834412718134,0.178011971292492,17,1
1259,8690766156404,8690766156398,0.424407519521303,0.122632085812394,25,2
1260,8690766156404,7610400091060,0.322757226046988,0.0659346944249035,4,3
1261,8690766156411,8690766156374,0.602448650656846,0.0833002034805626,3,1
1262,8690766156411,8690766156404,0.564269041797815,0.13420346660224,3,2
1263,8690766156411,8690766156398,0.44069615304545,0.152888660845375,3,3
1264,8693323085100,7290111352959,0.908460898692834,0.116089605067556,58,1
1265,8693323085100,25675120037,0.859672811118307,0.0687787938355805,11,2
1266,8693323085100,8693323086107,0.86004923436841,0.149934666026624,9,3
1267,8719900516413,5000159516563,0.610665886684158,0.106130333514264,10,1
1268,8850632604259,8693323085100,0.941111867270958,0.00147912126659633,3,1
1269,8850632604259,8850632604372,0.904679358074867,0.13990413302219,18,2
1270,8850632604259,8850632604402,0.762027647968553,0.327863550163133,3,3
1271,8850632604372,8850632604402,0.841955255267974,0.187741680105938,15,1
1272,8850632604372,8850632604259,0.746638171364945,0.219526414205845,35,2
1273,8850632604372,25675120037,0.622185498139418,0.177619678791463,3,3
1274,8850632604402,8693323085100,0.918256307704336,0.0596129622043669,15,1
1275,8850632604402,8850632604259,0.917332909709791,0.122962911144327,32,2
1276,8850632604402,8850632604372,0.902144316206886,0.133165351562692,37,3
1277,9002975393812,9002975393850,0.84202993296286,0.00180214750635706,3,1
1278,9002975393836,9002975393829,0.789632635169577,0.0128726152568763,3,1
1279,9002975393843,9002975393850,0.842960223454633,0.00510159730573157,4,1
1280,9002975393843,9002975393836,0.806577975719151,0.0289832474228649,3,2
1281,9002975393843,7290111353055,0.380528483538607,0.0264073747768494,13,3
1282,9002975393850,9002975393812,0.833639752270984,0.0219332141280091,8,1
